<?xml version="1.0" encoding="UTF-8"?>
<library xmlns="http://www.netbeans.org/ns/library-declaration/3" version="3.0">
    <name>Apache_Common_Codec</name>
    <type>j2se</type>
    <display-name>Apache Common Codec</display-name>
    <volume>
        <type>classpath</type>
        <resource>jar:file:/Users/Hwaipy/Documents/GitHub/Randomness/Library/Java/Apache/Common%20Codec/commons-codec-1.10.jar!/</resource>
    </volume>
    <volume>
        <type>src</type>
        <resource>jar:file:/Users/Hwaipy/Documents/GitHub/Randomness/Library/Java/Apache/Common%20Codec/commons-codec-1.10-sources.jar!//</resource>
    </volume>
    <volume>
        <type>javadoc</type>
        <resource>jar:file:/Users/Hwaipy/Documents/GitHub/Randomness/Library/Java/Apache/Common%20Codec/commons-codec-1.10-javadoc.jar!//</resource>
    </volume>
    <volume>
        <type>maven-pom</type>
    </volume>
    <properties/>
</library>
