<?xml version="1.0" encoding="UTF-8"?>
<library xmlns="http://www.netbeans.org/ns/library-declaration/3" version="3.0">
    <name>ApacheXMLGraphics</name>
    <type>j2se</type>
    <display-name>ApacheXMLGraphics</display-name>
    <volume>
        <type>classpath</type>
        <resource>jar:file:/Users/Hwaipy/Documents/GitHub/Randomness/Library/Java/ApacheXMLGraphics/xmlgraphics-commons-1.5.jar!/</resource>
        <resource>jar:file:/Users/Hwaipy/Documents/GitHub/Randomness/Library/Java/ApacheXMLGraphics/commons-logging-1.0.4.jar!/</resource>
        <resource>jar:file:/Users/Hwaipy/Documents/GitHub/Randomness/Library/Java/ApacheXMLGraphics/commons-io-1.3.1.jar!/</resource>
    </volume>
    <volume>
        <type>src</type>
        <resource>jar:file:/Users/Hwaipy/Documents/GitHub/Randomness/Library/Java/ApacheXMLGraphics/src.zip!//</resource>
    </volume>
    <volume>
        <type>javadoc</type>
    </volume>
    <volume>
        <type>maven-pom</type>
    </volume>
    <properties/>
</library>
