<?xml version="1.0" encoding="UTF-8"?>
<library xmlns="http://www.netbeans.org/ns/library-declaration/3" version="3.0">
    <name>EclipseLink-GlassFish-v3</name>
    <type>j2se</type>
    <description>随最近注册的 GlassFish 安装捆绑提供的 EclipseLink jar</description>
    <display-name>来自 GlassFish 的 EclipseLink</display-name>
    <volume>
        <type>classpath</type>
        <resource>jar:file:/Applications/NetBeans/glassfish-4.1/glassfish/modules/org.eclipse.persistence.antlr.jar!/</resource>
        <resource>jar:file:/Applications/NetBeans/glassfish-4.1/glassfish/modules/org.eclipse.persistence.asm.jar!/</resource>
        <resource>jar:file:/Applications/NetBeans/glassfish-4.1/glassfish/modules/org.eclipse.persistence.core.jar!/</resource>
        <resource>jar:file:/Applications/NetBeans/glassfish-4.1/glassfish/modules/org.eclipse.persistence.dbws.jar!/</resource>
        <resource>jar:file:/Applications/NetBeans/glassfish-4.1/glassfish/modules/org.eclipse.persistence.jpa.jar!/</resource>
        <resource>jar:file:/Applications/NetBeans/glassfish-4.1/glassfish/modules/org.eclipse.persistence.jpa.jpql.jar!/</resource>
        <resource>jar:file:/Applications/NetBeans/glassfish-4.1/glassfish/modules/org.eclipse.persistence.jpa.modelgen.processor.jar!/</resource>
        <resource>jar:file:/Applications/NetBeans/glassfish-4.1/glassfish/modules/org.eclipse.persistence.moxy.jar!/</resource>
        <resource>jar:file:/Applications/NetBeans/glassfish-4.1/glassfish/modules/org.eclipse.persistence.oracle.jar!/</resource>
        <resource>jar:file:/Applications/NetBeans/glassfish-4.1/glassfish/modules/javax.persistence.jar!/</resource>
    </volume>
    <volume>
        <type>src</type>
    </volume>
    <volume>
        <type>javadoc</type>
        <resource>jar:file:/Applications/NetBeans/NetBeans%208.0.2.app/Contents/Resources/NetBeans/enterprise/docs/javaee-doc-api.jar!/</resource>
    </volume>
    <volume>
        <type>maven-pom</type>
    </volume>
    <properties/>
</library>
