<?xml version="1.0" encoding="UTF-8"?>
<library xmlns="http://www.netbeans.org/ns/library-declaration/3" version="3.0">
    <name>JAMA</name>
    <type>j2se</type>
    <display-name>JAMA</display-name>
    <volume>
        <type>classpath</type>
        <resource>jar:file:/Users/Hwaipy/Documents/GitHub/Randomness/Library/Java/JAMA/Jama-1.0.3.jar!/</resource>
    </volume>
    <volume>
        <type>src</type>
        <resource>jar:file:/Users/Hwaipy/Documents/GitHub/Randomness/Library/Java/JAMA/Jama-src.zip!//</resource>
    </volume>
    <volume>
        <type>javadoc</type>
    </volume>
    <volume>
        <type>maven-pom</type>
    </volume>
    <properties/>
</library>
