<?xml version="1.0" encoding="UTF-8"?>
<library xmlns="http://www.netbeans.org/ns/library-declaration/3" version="3.0">
    <name>Jetty</name>
    <type>j2se</type>
    <display-name>Jetty</display-name>
    <volume>
        <type>classpath</type>
        <resource>jar:file:/Users/Hwaipy/Documents/GitHub/Randomness/Library/Java/Jetty/jetty-all-9.2.9.v20150224.jar!/</resource>
    </volume>
    <volume>
        <type>src</type>
        <resource>jar:file:/Users/Hwaipy/Documents/GitHub/Randomness/Library/Java/Jetty/jetty-all-9.2.9.v20150224-sources.jar!//</resource>
    </volume>
    <volume>
        <type>javadoc</type>
        <resource>jar:file:/Users/Hwaipy/Documents/GitHub/Randomness/Library/Java/Jetty/jetty-all-9.2.9.v20150224-javadoc.jar!//</resource>
    </volume>
    <volume>
        <type>maven-pom</type>
    </volume>
    <properties/>
</library>
