<?xml version="1.0" encoding="UTF-8"?>
<library xmlns="http://www.netbeans.org/ns/library-declaration/3" version="3.0">
    <name>JodaTime</name>
    <type>j2se</type>
    <display-name>JodaTime</display-name>
    <volume>
        <type>classpath</type>
        <resource>jar:file:/Users/Hwaipy/Documents/GitHub/Randomness/Library/Java/JodaTime/release-2.3/joda-time-2.3.jar!/</resource>
    </volume>
    <volume>
        <type>src</type>
        <resource>jar:file:/Users/Hwaipy/Documents/GitHub/Randomness/Library/Java/JodaTime/release-2.3/joda-time-2.3-sources.jar!//</resource>
    </volume>
    <volume>
        <type>javadoc</type>
        <resource>jar:file:/Users/Hwaipy/Documents/GitHub/Randomness/Library/Java/JodaTime/release-2.3/joda-time-2.3-javadoc.jar!//</resource>
    </volume>
    <volume>
        <type>maven-pom</type>
    </volume>
    <properties/>
</library>
