<?xml version="1.0" encoding="UTF-8"?>
<library xmlns="http://www.netbeans.org/ns/library-declaration/3" version="3.0">
    <name>LAPACK</name>
    <type>j2se</type>
    <display-name>LAPACK</display-name>
    <volume>
        <type>classpath</type>
        <resource>jar:file:/Users/Hwaipy/Documents/GitHub/Randomness/Library/Java/LAPACK/lapack_simple.jar!/</resource>
        <resource>jar:file:/Users/Hwaipy/Documents/GitHub/Randomness/Library/Java/LAPACK/f2jutil.jar!/</resource>
        <resource>jar:file:/Users/Hwaipy/Documents/GitHub/Randomness/Library/Java/LAPACK/lapack.jar!/</resource>
        <resource>jar:file:/Users/Hwaipy/Documents/GitHub/Randomness/Library/Java/LAPACK/blas.jar!/</resource>
        <resource>jar:file:/Users/Hwaipy/Documents/GitHub/Randomness/Library/Java/LAPACK/blas_simple.jar!/</resource>
    </volume>
    <volume>
        <type>src</type>
    </volume>
    <volume>
        <type>javadoc</type>
        <resource>file:/Users/Hwaipy/Documents/GitHub/Randomness/Library/Java/LAPACK/lapack_doc/</resource>
    </volume>
    <volume>
        <type>maven-pom</type>
    </volume>
    <properties/>
</library>
