<?xml version="1.0" encoding="UTF-8"?>
<library xmlns="http://www.netbeans.org/ns/library-declaration/3" version="3.0">
    <name>Milton</name>
    <type>j2se</type>
    <display-name>Milton</display-name>
    <volume>
        <type>classpath</type>
        <resource>jar:file:/Users/Hwaipy/Documents/GitHub/Randomness/Library/Java/Milton/milton-api-2.6.4.0.jar!/</resource>
        <resource>jar:file:/Users/Hwaipy/Documents/GitHub/Randomness/Library/Java/Milton/milton-server-ce-2.6.4.0.jar!/</resource>
        <resource>jar:file:/Users/Hwaipy/Documents/GitHub/Randomness/Library/Java/Milton/milton-server-ent-2.6.4.0.jar!/</resource>
    </volume>
    <volume>
        <type>src</type>
        <resource>jar:file:/Users/Hwaipy/Documents/GitHub/Randomness/Library/Java/Milton/milton-api-2.6.4.0-sources.jar!//</resource>
        <resource>jar:file:/Users/Hwaipy/Documents/GitHub/Randomness/Library/Java/Milton/milton-server-ce-2.6.4.0-sources.jar!//</resource>
        <resource>jar:file:/Users/Hwaipy/Documents/GitHub/Randomness/Library/Java/Milton/milton-server-ent-2.6.4.0-sources.jar!//</resource>
    </volume>
    <volume>
        <type>javadoc</type>
    </volume>
    <volume>
        <type>maven-pom</type>
    </volume>
    <properties/>
</library>
