<?xml version="1.0" encoding="UTF-8"?>
<library xmlns="http://www.netbeans.org/ns/library-declaration/3" version="3.0">
    <name>SLF4J</name>
    <type>j2se</type>
    <display-name>SLF4J</display-name>
    <volume>
        <type>classpath</type>
        <resource>jar:file:/Users/Hwaipy/Documents/GitHub/Randomness/Library/Java/Slf4j/slf4j-api-1.7.6.jar!/</resource>
        <resource>jar:file:/Users/Hwaipy/Documents/GitHub/Randomness/Library/Java/Slf4j/slf4j-jdk14-1.7.6.jar!/</resource>
    </volume>
    <volume>
        <type>src</type>
    </volume>
    <volume>
        <type>javadoc</type>
    </volume>
    <volume>
        <type>maven-pom</type>
    </volume>
    <properties/>
</library>
