<?xml version="1.0" encoding="UTF-8"?>
<library xmlns="http://www.netbeans.org/ns/library-declaration/3" version="3.0">
    <name>TEMP</name>
    <type>j2se</type>
    <display-name>TEMP</display-name>
    <volume>
        <type>classpath</type>
        <resource>jar:file:/Users/Hwaipy/Documents/GitHub/Randomness/Library/Java/TEMP/concurrentlinkedhashmap-lru-1.4.jar!/</resource>
        <resource>jar:file:/Users/Hwaipy/Documents/GitHub/Randomness/Library/Java/TEMP/ftpserver-core-1.0.6.jar!/</resource>
        <resource>jar:file:/Users/Hwaipy/Documents/GitHub/Randomness/Library/Java/TEMP/commons-fileupload-1.3.1.jar!/</resource>
        <resource>jar:file:/Users/Hwaipy/Documents/GitHub/Randomness/Library/Java/TEMP/ical4j-1.0.6.jar!/</resource>
        <resource>jar:file:/Users/Hwaipy/Documents/GitHub/Randomness/Library/Java/TEMP/commons-logging-1.1.3.jar!/</resource>
        <resource>jar:file:/Users/Hwaipy/Documents/GitHub/Randomness/Library/Java/TEMP/commons-lang-2.6.jar!/</resource>
        <resource>jar:file:/Users/Hwaipy/Documents/GitHub/Randomness/Library/Java/TEMP/jdom-1.1.3.jar!/</resource>
    </volume>
    <volume>
        <type>src</type>
    </volume>
    <volume>
        <type>javadoc</type>
    </volume>
    <volume>
        <type>maven-pom</type>
    </volume>
    <properties/>
</library>
