-3.331939961603752, -3.479634688352224, 0.8892633485616199
-0.19236121875024323, -0.3394491837878718, -2.254400779532745
-1.760059844664224, -1.6123760268668765, -2.1039139528469053
2.943572471307832, -0.34457533156891607, 2.453355737104281
-1.7639238926184668, 1.525277392628545, 1.0339397009381657
-1.7627654904559158, -1.6152283105570067, -2.1064359498909018
-0.1841189046983168, -3.4744831012646458, 2.465539496441352
1.3770681037649122, -1.6170454162157877, 2.6040802195932202
-1.7663692091538736, 1.5225982342108624, 4.173339835192832
1.3780668605107684, 1.525133510842278, 1.034667356072051
1.3734207267959202, 1.5199401338971836, -2.1123693652096502
-0.19493570166883306, -0.34373390322093034, -2.257581727328982
-0.19121186895713735, -0.33888767211412635, -2.253292812804117
1.3727345567421916, 1.5211725658767747, 2.6003661836808347
2.9515820777773305, -0.3381312837206524, -2.252542857776604
1.3736276587248408, 1.5204835654950575, 2.6011374258347884
-0.19236331848576024, 2.802544372628207, 2.4580188250705506
-3.337109447046277, 2.797922914610826, 2.454952065552111
-1.7672684603426192, -1.6197035529305512, 1.0308816968478665
1.3768775062270133, -1.6167572509086559, 1.033528290995182
-1.7638812064078293, 1.525334803681449, 2.6046984794046772
-3.330997387533636, -0.3384064144342348, -0.6814036681004347
1.3790817964197353, 1.527167242181191, -0.5350808246519615
1.380408252675561, -1.6134670542824754, -2.1048161735345974
-1.76554971258408, -1.6182248583880727, -2.1097554788778132
-1.763609584409128, 1.5257465529872791, -0.5363843202661057
1.3794007753908573, -1.6157280990357894, -2.1068408793783626
2.9471454131532395, -0.34167325038820273, 2.4561107634429855
-1.7648834323152842, 1.5259492273202253, -2.108197625032582
-0.19329816287625973, 2.7998732379100844, 2.4567588028403873
2.949889529527974, -3.480277346564073, -2.253527390346487
-0.19528399927333157, 2.7982954098525736, -0.6866110131017414
-1.7693936447245242, -1.6221032349925957, 1.028432914279774
-1.76159863955248, 1.5276886074618559, -2.1051946410998443
-1.764387835351095, 1.5243830765938184, -2.108270972758203
1.3768267830067848, -1.6178616557209826, -0.5370509347533617
-1.7636278497559748, -1.614375472049563, -0.5360437167083327
-1.767914886968866, -1.6203672915718002, -0.5406970547016661
1.376547151728131, 1.5237660723922282, -2.1090924105959106
-0.19267444835864977, -3.4826018847132962, 0.8867713386084557
-0.19086201930158342, -0.3384475496542496, -2.253296812848436
-0.18735966075680097, -0.33606460736133414, -2.250521286627463
1.3754813079313977, 1.5226505211453831, 1.0319498325218812
-1.7658226935873946, -1.617193937751738, -2.1089973166204925
1.3760354572330566, -1.6173071279581603, 2.6037866150618734
1.3786032021856207, 1.5252520789712334, 2.6054530024837264
-3.3333226874976423, -0.3379835666988897, 0.888039105207281
1.3785620159347036, 1.526508357479764, 2.6061544777334698
2.947850708555322, 2.800776082979683, -0.6844956981081504
1.3789380640194968, -1.6146289611385785, -0.5353609269640431
1.3789595208351386, -1.6159983145320769, -0.5361156903013501
2.9473421651677585, -0.34236037373274675, -0.6857802966128017
1.3830605401610108, 1.5290519009958272, 1.0381982916006278
-3.331568619604258, -0.3375530075351539, 2.460420496249997
-1.7609869477514042, -4.7549770353155685, 1.0368154602981865
1.376165211718969, -1.6175762536117644, -2.108708852945099
-3.3297251576556564, 2.8060922554730117, -2.2504904219742943
-1.764859212340682, 1.524019128830926, -0.5374388864869637
1.3812596397076435, 1.529537491921762, 2.608589326540062
-1.7594522523156733, 1.5296684517661119, 2.6089811308336524
1.3756837174607743, -1.618264634575557, 1.0322417819599552
-0.1962091577428548, -3.4850366988704473, -2.2581063118900597
-0.19092837809566185, -3.4790854871401637, -2.252588645421516
-3.3351104922940795, 2.8003579604506594, 2.4566117300897825
1.3754914016735897, -1.6202061427620178, 2.601987822554246
-0.1979047303433516, 2.7963783135415974, -0.6892858645128054
-1.7589887880128694, 1.5304904741310303, -2.102125025020246
-0.19682346978806506, -3.4857108793832725, 0.8830581772330395
-1.7641024310185394, -1.616100144731912, 1.0338060721338105
-0.1933046772964347, -0.341410923989613, -0.6845987401460298
2.9489507679985802, -3.4818389358861057, 0.8868346016408741
-3.3310651050024913, -0.33717626924725774, 2.460459629990811
-1.7653172990665682, -1.6167855264600062, -0.536776358428202
1.3773059731323383, -1.6164757611673328, -0.5372292562749549
-1.7657177027279352, 1.5232674203335157, 1.0323750810751393
1.3808797275566285, 1.5296827924724246, -2.1042925924631897
-1.7643910822256372, -1.6171931628607732, -2.1084732233697605
-0.1900153269304115, -0.3382715682115913, 0.8888804447232289
-1.7670291728402876, 1.5220379635591659, -2.1105819912882193
-1.7679831887024093, -1.6210103443082118, 1.0297141257276266
-0.19068739529957918, -0.33925875301366215, 0.8888518119565795
2.9429887582395864, -0.34626052567987803, 2.4519433216474664
-0.19654666892327952, 2.797786871543399, 0.883581417045231
-0.1949186130556035, -3.483603960328987, 0.8851786060779002
1.3799488445951655, -1.6140700451063164, 1.036286917582973
2.9460380870081084, -0.34297847287758537, -0.6865378814475116
-0.1917821656186306, 2.803178418152884, -0.6827877174204433
-1.76931368900921, -1.621683508162535, -2.1126148397456608
-1.763985251009117, 1.5254596867171744, 2.6049881848332404
1.379786324533397, -1.616449038770887, -3.676979911296155
1.3776052349731913, 1.5254667745527546, -2.1073123449094644
1.3752328815964918, 1.5230160389659464, 2.602248834243593
-0.1942122280361319, 2.7992156322413084, -2.2566207639073874
-1.7601642444764547, 1.5289731622879656, -2.104196776898991
1.3780889106223153, -4.755836673326295, -3.677281295313558
-0.19205255859610731, 2.8018334906845186, 0.8873357629811011
-1.7621169720420156, -1.6145092345895473, 1.0357479313156852
1.3807413037929472, 1.528061306593667, 2.607659576330007
2.944044606197786, -0.3452845692086251, -0.6884574280232886
1.3794071457598782, -1.614609340987593, 1.0355696730298032
1.3779146618665297, 1.526390201397413, 2.6050325429896786
-1.7641108698567045, 1.524020735999408, 2.6045758965695454
-0.19046945242851654, 2.80360253968719, 2.4598862449853227
-3.3356356764712003, -0.34141390973290625, -2.255863198787413
1.380631867486969, -1.6133405574417221, 2.607970635550897
-3.3377904855513103, -0.34316043664019397, -2.2581868390670974
1.376190359847984, -1.6192140167939053, 1.0319954909608495
-0.19520023154274557, -0.342295693437426, -0.6861475700277074
-3.3351748772315406, -3.483717982475279, -0.6853221626393068
-0.1967482908356354, 2.7966156189236684, 0.8826323109673565
1.37861727875645, -1.6153403138278157, -2.106495079336395
2.947632679233786, -0.3401282277438633, 2.4571875667187775
1.378239068069918, -1.6160858525812511, 2.6052764882853876
-1.7601645403843178, -1.6132120307961677, 2.6083363669932984
1.3802289478181193, 1.5276926008109535, -0.5341087506972573
1.3759915313031086, 1.5231142312826575, 2.602897744494085
2.946437969715703, -0.3422738341631527, 0.884987418998193
-0.19769530937128843, 2.7951233549541894, -0.6893680826976609
-1.7655948600637892, -1.6166383979687646, 2.6040623104107845
1.3808794719839226, -1.613586519350182, 2.6080414441862687
-0.19248558831736606, -3.4819682108998595, -2.2548018795550493
-0.19384119060931876, 2.798758143658819, -2.2561735848959494
-1.76229214464638, 1.5269253124264446, 1.0357604828547808
-1.7617253829389898, -1.6138107965783555, 1.0366933796225217
-1.7622289617108717, -1.6144806280886714, 1.0353284424196472
2.9492486925839083, 2.800877514313383, 0.8865890216322413
-0.19139599897253395, 2.8029363683502835, 0.8884406944150812
2.946148550519086, 2.7985419062896906, -0.6861540149469781
2.9454678411175386, -0.34489136848707486, 0.883298703684459
2.9467253351614935, 2.7993135156625075, -0.686150660213883
-3.3423983610949635, -3.4891042828296723, -0.6915281492048544
-0.1939721227108249, -0.34058924002467844, -0.6839123809369846
-1.760436461452621, -1.6120211083759532, -0.5330384101306539
-0.1932842633122872, -0.3409109400527557, 0.8862800314520153
-0.19025862663695195, 2.805382224597158, 2.4611681737287694
1.3752974213254208, -1.6190093059100306, 1.0316364165203964
1.383229381074273, 1.530297723029655, -0.5311883052164027
-0.19703235608432856, -3.4867207754874268, 0.8826036157327624
2.9522712599416567, -0.3370424931266273, -0.6807125396046103
-1.7610964267286402, -1.615138744471103, -0.5352630852246119
1.3798347119434071, -1.6140807071343923, 1.0360681238329141
1.3732592931409313, 1.520954371624218, -2.1111087714612093
-0.1926666325122644, 2.8017935731403765, -2.2543265230823684
1.3753280584610381, 1.523186980077585, -2.1095707843070404
-0.19651250483472016, -0.34465761659337935, 2.454017937927685
1.3764481320809123, -1.617615467625056, -0.5376946828634985
-0.19236016966810265, 2.8009226970403334, -2.254690448240308
2.9480497867884834, -0.3406763703304363, -0.684421027037383
-1.7626763852255294, 1.5265115959787758, -2.1062805871695107
-1.7667330945756095, -1.6196397281774872, 1.0306797415720463
-1.7661393997368118, 1.5216151113620413, -2.1110852460019216
-0.19558958928108977, -3.4848191815856384, -2.2579465685063145
2.9451855796905737, 2.7971815479976545, 0.8830814630821077
-1.764893640805098, -1.616722756500299, -2.1083477559369377
-0.1930075659512298, -0.3401575010306681, 2.4573116594193345
-1.7686890973073814, -1.6219759071244306, 1.0292731081830095
-0.1954533250166718, 2.798588903836421, -2.2574801405271567
-1.7676580650892633, -1.6198425636202065, -0.5400166191413541
-3.33295499140042, -0.339056046602738, -0.6826957834352595
2.945481639671246, -0.344205155946901, 2.45453707839595
2.950488216516343, -3.4803725560491228, -3.82312521552506
1.3799169969339118, -1.6145011584455116, -0.5344129863980478
-3.331533626102744, 2.8046012654125234, 2.460540628898183
-0.19575505858269224, 2.8001681818725, -2.2567284384414124
2.948369293500337, -0.3398418441172833, 2.4574148944081076
-3.3338525390543805, -0.34030674431895563, -2.254790448139928
-0.190960580608434, -3.4798757408578638, -0.6823924143038288
-1.761404198920976, -1.6132753875113792, -0.5336646213568996
-1.7622543354017144, 1.527015400919019, 1.0356903893483416
2.9429135167408744, -0.3469447949140085, -0.6900244910341963
-3.3320365937990393, -0.3375548069157968, 0.8895860184546176
-3.3401301044857754, -0.3474244956691077, 2.4512672213119675
-3.331724617210243, 2.803378344348493, -2.252518602404161
-1.765673762559412, 4.66605402445045, 1.0333674633126912
-1.7609323375034172, 1.5283708618449265, -2.1050600732194913
-3.3340720667543793, 2.802485555925475, 0.8878605983827326
-1.7661101303829503, -1.619224050759391, 1.0315895773132568
1.3809312562424059, 1.5284591048782281, 2.6078271340170627
-0.19204321724121523, -3.481076687096658, 0.8875083890863076
2.951958460986301, 2.803925566907798, -0.681342826429962
-3.3357748192991292, -0.341805974036403, 0.8856653403077865
-1.7671611112030667, -1.6190427031562629, -2.1109023313409025
-0.15320230876350047, -0.3011376772202886, 0.9250300260999462
1.3750768342336772, -1.6194961805646952, -2.110873975865566
-1.7626746062675123, -1.6142451292097895, 2.6063146232547583
-0.19301262645858483, -0.3405235330681229, -0.6842635035396476
-0.1956153252369348, -3.4845570104055033, -2.2571249042826733
-1.7674492309453786, 1.5220039869326136, 2.6013988997165165
1.3774592395132617, -1.6161208718144506, -0.5363453432333078
-1.7590130507515667, -4.75247718475476, 1.0392251649253557
-0.19322665851729665, 2.8005497095675445, 0.886573150680622
-0.1940572447028397, -0.34155821712008444, 0.8857588468200336
-3.333991878278078, -0.33977434706906884, 2.4579511622811134
-1.7657495342313414, 1.5231807812379625, -0.5381091261082847
1.3761313955752539, -1.6180539675551717, 1.032672789356009
-1.7632512717733835, -1.6154892860484291, -3.677347496994261
1.3805231871063044, -1.6130179426486246, 1.036956554225293
-1.7646258844007654, 1.5242850615046881, -0.5370916974752933
1.3804375443958967, 1.5287544838715803, -0.5339134150950088
-1.7665994822130096, 1.5220996731518754, 1.0311960573632646
1.3752379316071206, -1.6194067016279268, 1.0312024095665242
4.520830000462487, -1.6146389219013737, -0.5353803758097363
-0.19219985214956242, 2.8018466758733416, -2.2540879544529324
-0.19622150007120934, 2.799016101427361, -2.257533711767972
-3.3339245233737294, -3.4813038758017023, 0.8877499226735633
-0.19590015942838954, -0.34392590961691333, -0.686895724363426
1.376620255606184, -1.6159972177068405, 2.604562106897475
-0.19307827519509696, -0.33969345553535024, -0.6837890656670896
-0.19064027836654443, 2.8031310550807347, -2.252787530741575
-1.7660623076188013, 1.523090648107288, -2.1098892377494307
1.3807622699585278, -1.6138680149737226, -0.5341538291222399
1.3791305001077587, 1.528899837033775, -2.1046339886476626
1.3780991125833841, -1.6152894902349648, -2.107461594629044
2.94590502830751, -0.3437064115279619, -3.828585833809727
-1.7648880622919696, 1.5229185422275149, -0.5375613603964923
2.9501545946846517, -0.3380306027485361, 2.459181947793585
1.3785991087947496, 1.5247319606084238, 2.6053316480995545
-1.76705079564104, -1.620032022058986, -0.5400856580562462
-1.76010637622869, -4.753253397562546, -2.103481172284856
1.3804182096432833, 1.527870249388272, -0.5339461796013759
-1.7641659584753209, -1.6164408296337127, -3.678589844696185
-0.1908656189501529, 2.805080429506556, -0.6807487724835714
-3.3378265892143855, 2.7981720118773312, -2.2581431952039397
1.3793802013192857, -1.6167608817404324, -0.5364158632991063
2.9499913739562063, 2.8029006530286362, -0.6827336949118089
1.376656929596756, -1.6184570047237488, -0.5384414671336316
-3.333187417124114, -3.4814512892085077, -0.6830569566158572
1.378706895266424, -1.6153761414715322, -2.1064433782510528
-1.7598221232865212, 1.5297770229957564, -0.5326750718049689
-0.19393173931809723, 2.8001084120830093, -2.255916316263582
-3.3297944159910062, 2.8056969630949244, -0.6796152564956215
-1.7653482304327206, -1.6166493686708596, 2.60355477111887
2.9474562292128326, -0.3417216564433272, 2.4562581139447093
-1.7626331713816505, 1.5254645698663563, -0.5361261322071185
1.3771982940820688, -1.6162060773026667, 1.0342171801900144
1.3820691590188883, -1.6135057147766045, -2.104159530869676
-1.7633865209965267, -1.6160659573364682, 2.605478081476832
2.946624359012726, 2.798244705844868, -0.6864041975580691
-3.3344743302077995, -0.34161514294143563, 2.4569381843785627
2.946681553842404, -0.34353891765586647, 2.4549451488519365
-1.765985388963934, 1.523017142005595, -2.1093088968534346
-1.7634959184452081, 1.5252260859247881, 1.0343982814718131
4.520797866743276, -1.614463184710878, -2.105738165044851
2.9488169839334195, -0.34007245146650567, -3.8248985350206386
1.3773346835599232, 1.5244754599382928, -2.108634855181631
1.3788535190157254, 1.525416419441102, 1.0342874564487552
-3.338092090165193, -0.34379995224231114, -0.6873020955141954
4.517872214357404, -1.6174338463153473, 2.603676616580415
1.3798111215817304, 1.5279644690054586, 1.0363350755768372
-1.7647911173147963, -1.6163965493167323, 1.0330762023415123
-0.19287512224953987, -0.3392263690781321, -0.6830972541611854
-3.3365321174213953, 2.7983954541574563, -0.686413394482039
-0.19512982976795695, -0.3422746445225752, 0.8852121614933013
1.3804927984918256, -1.6157168480587958, -0.5349246528563947
2.945908582774305, 2.7975738749483074, 2.454163397827179
-0.19244948539103426, -0.33916176945661936, 0.8876807119543546
-0.19401893147624777, -0.3414719903257286, -2.2560641880550425
2.9470498727140497, -0.3416635181610876, 2.456162674883385
-0.19479933784144443, 2.7974187029327666, 0.8840388104705506
2.9460984756277395, 2.7985878230342554, -0.6865464361989619
1.37787544033252, 1.525740702709392, -0.5369776485115522
1.3816032972896393, 1.5294639343977932, -2.1036080492145466
-0.19032175160640352, 2.804966064731445, -2.2516826054733254
2.9014370485940493, -0.38581281542721363, 2.411545371751431
-0.19460973118246694, -3.4854685932096072, -3.828152674935583
2.9517049946273866, -0.33719095568719376, -2.2516866829520135
-3.335150579250302, -0.340867732414046, 2.4573720563857253
-3.333741974818216, -0.33882411188402023, -2.2537060307722254
-3.337650941884162, 2.798112859417425, 4.0251511549191274
-1.7612617589253892, 1.5279401970020636, 2.6077653410163095
-0.19243315650548373, 2.8019482072000215, -0.6834734001110022
1.378796931541043, 1.5266242085544488, -0.5358938545197545
-0.1934982569305121, -3.4821690207410096, -2.2553380118709785
-3.335416390978572, -0.342026499821224, -2.2552569085794545
-1.76656138685015, 1.5224730007531815, -0.5393157822834399
1.3733799458749194, -1.6210792087576416, 1.029403430438923
-0.1956574579112437, 2.799040751254992, -0.6867939447683127
1.3790898314845337, 1.5257487239440828, -0.5356719032248245
-1.7629767993401848, -1.6155130104025484, 1.0351452946598498
2.9505761700127193, -3.4813057367761195, -2.253849563432433
-1.7666527107669945, 1.522525014757985, -2.1105671317750008
-1.7637672982936026, -1.6159166503557774, -3.6780623966577024
-0.1941494593589309, 2.7990713283133433, 0.8851546812647016
1.3771481859137413, 1.5238781219065667, 2.603785184548795
-1.7682699371744173, -1.621102036729441, -0.5411015059062875
1.3789735979785531, 1.5266758006936583, -2.107296456031974
-0.19051335462209062, -3.4807595002364202, -2.2534139622298754
-1.7618299674801663, -1.6136048659404438, 2.6069276305606794
-3.33293246868735, -3.480708147848056, -2.2535302412820295
-3.33141809005952, -3.479581199160903, 2.460460528327288
-3.3352481441911, 2.7994017112679264, -0.6856191363491025
1.3762787071727998, -1.6180401715067878, -2.1086303465082903
1.378772968612549, 1.5256546988211999, 1.0349344472530755
-1.7622479464224636, 1.5263422815918493, 2.6058871412659506
2.949687780826888, -0.34097260193569884, 2.4576920392657193
-1.76597484620689, 1.5228243665301209, 1.0317924531866838
1.3742086080355977, 1.521556198117074, 1.0302691035094727
-1.769830318008606, -1.6236905878296584, -0.543155145059545
2.944389442698595, 2.7972233045708954, 0.8826427084211808
1.3745113974452086, -1.6202081915580204, -0.5400852845356012
-0.1946126407878189, 2.798316982437405, -0.6855640983019963
1.377848934864978, 1.5264428138152522, 1.0347285918355542
-1.7637089212252783, -1.6168930901899956, -2.107915945256427
-1.769082067504245, -1.621616922691721, 1.0291273140781492
-1.7632220297537005, 1.525901937234699, 1.0348231906190835
1.377181622397694, 1.525589216293866, 1.0334707598157313
-3.334229574974233, -3.4812825860381174, -0.6838704701053653
1.3773140366027787, -1.6165705226463598, -2.108013161919746
1.38005800110047, 1.5287011053689445, 2.6073789841980792
-1.7604117385148066, -1.6127741793259693, -2.103965765622873
-1.7601814530298625, 1.527263681289325, -2.1040374649880116
-0.19472221998290756, 2.7998382020361188, 0.8855466860446457
-1.7657907166444404, -1.6191003547706377, 2.6021224962194824
-0.19591083063740908, -3.48451651798942, 0.8843017539108736
-0.1962887267665128, -0.34305584125441635, 2.4549520327250094
1.37361062581778, 1.5213815344590371, -0.5407352945257765
2.9563438100824433, 2.8080557170633957, -2.2478089677202098
1.3743932408502164, -1.6199546652343555, 1.030481256689858
-3.3376205473339438, 2.797428594214828, 0.8833630902048593
-0.19599386877602643, 2.797484278181237, -0.6881764247479611
1.377289014582611, 1.5264573274652375, 1.0340187335060655
-1.7610313883583144, -1.6145404677206316, -2.104580727182804
-1.7629988192504351, 1.5263250930256018, -2.1066763465615743
-1.7678468913788183, -1.6203829599359685, 1.0299327248431733
-1.7626843239923131, -1.6153425118523879, 2.6059686714385446
1.3806571673211028, -1.6138253275931835, -2.1048252570819757
2.944459789739463, -0.34526157536157087, 2.4526673154973504
-1.7633751987569992, -1.6163486011853874, -0.5363414724710492
-3.3348947513463028, -0.34084015005535195, 2.4570754824699397
2.945423259798119, 2.797528249753178, -0.6872478360383596
-0.19060760990348022, -3.4799883151417355, -2.2532674667049886
2.9487918425144684, 2.8000765623740644, 0.8860131005256938
-0.1909784189973382, -0.33694867832376146, -3.822829474955164
1.375147655057824, -1.6190968349230592, -0.5390054074122681
1.3788310124717071, -1.614445460613655, 2.6064139215520936
-3.3388955926177126, -0.3452745357152668, 2.453230061062883
2.946004825302772, -0.34319112082195186, -2.25757948415867
1.3776190160963655, -1.6152270103873747, 1.0341555000048734
-0.1982677109409579, 2.7950004562781725, 0.8808074399140099
2.9463444993832733, -0.342764311427867, -0.6864365451250983
-1.7681062675962969, -1.622135563483972, -0.5414900891539985
-3.335085722321054, -0.33930255713216934, -2.2547157552751327
-1.76853874750235, 1.5202364396154582, 1.0292946326096284
-1.7612400354312165, -1.6133420507712977, -0.5337194929270134
-1.7639579617549475, -1.6171548171676862, -0.5371499342145697
-0.19404426434551894, -0.3428367500687426, 0.8849704148640558
-0.19179863104781208, -3.4810019851899203, -2.253593989836472
2.9457687159604093, 2.7986802719411044, -0.687219323443152
-0.1957066776953281, -0.34309546848324196, 0.884324742671965
-3.3348796705522035, -3.4829488815547656, 2.456685645892062
-0.19199393355839153, -0.3397782990766663, 0.8872582035520068
1.3718309432945395, 1.518692363000404, -2.1133820167347834
2.945160903447111, 2.7974059100213786, -2.2586821069115945
-1.7652693777469315, -1.6170876022399439, 1.033030220060137
-1.7612344337002164, -1.6143710462372658, 1.0362483701261658
-0.19188279100836667, 2.8023584244825055, -0.6832454530172114
-3.334553015334625, 2.800667376250156, 2.4572158766102956
-3.334621590604294, 2.8012800956090467, 0.8866205750341597
1.377257110464712, 1.5251533618136295, -2.1079092988567973
1.3768485397096328, -1.6170653185509765, -0.5373341541008992
-1.7645842646296905, -1.6165861755906432, 2.603947443953333
-1.7605764394492793, -1.6132155909003558, 1.0368746533254651
1.3780096150530081, 1.5253679968285232, -2.107051969115551
2.946484023343418, -3.4834431621275663, 0.8851720370701109
-0.18979348698515813, -3.479752116332557, -2.2525895963938236
-0.1919182413361593, -0.33992329687700523, 2.4579412276800454
-0.19168842224791535, -0.3384661436533946, -0.6825982685560169
-1.762350861862505, 1.5259856063069457, 1.0353055814846566
2.9427146979838916, 2.795209302954932, -0.6900594211538686
2.947841481884377, 2.8001952663761784, 2.4567288371702456
-0.19713997283637155, -3.486119838327241, -2.2590142817864183
2.9425679338880024, -0.34609688106974074, -2.2602728520596647
2.9513035362161686, -0.33861731890657043, -2.2533541046585928
-3.339272636500192, -0.34571159666685963, -0.6887073654030518
1.3793381197843926, 1.5255368170579187, -2.1065186190845306
1.377181464625396, -1.6178372391260127, -2.108896977987606
-1.7644870234400005, 1.5245771031297464, -0.5370789237959149
1.375730127902264, 1.5229892203838935, 1.0320579544240127
1.3767570491562044, 1.5238463297868332, -0.5377485794112026
1.3834854444298357, 1.531204621591322, -2.101700618201427
-3.340729251084287, 2.7948686126218623, -2.2611992799469145
-0.19892305021724638, -0.3459984009892617, 0.8810139858451447
-1.766451091692684, -1.6190812463682827, 2.6025753628112738
2.9480058541807317, -0.34197804708963836, -0.6847487030912175
-0.19758872243472386, 2.796787181891681, 2.453319688041657
-1.7653329027643734, 1.5251008513232875, -0.5378396783656015
-1.763404100660485, -1.6162473493916099, -2.107156409287374
-0.19313824372490543, -0.3408845357836589, -3.825941645796383
1.3757289187385995, -4.759116229508906, 1.0324800502476315
1.3784170850804933, 1.5266554327689037, -3.6772994004226813
-1.7678009060390392, -1.620936554202718, -3.6824905411696265
1.380929372067861, 1.5274949007298826, -2.104520134446146
-3.3345914938714754, -3.482661204745397, -0.6848853202025232
-1.765944017557048, 1.5228011900589975, 1.0317384554957982
-0.1917118442155664, -3.481553462988567, 2.458145259218969
-1.7674028245897493, -1.6198027409789022, 2.6015629143791825
1.3791666929639217, 1.5263149696885718, 1.0351672522791375
-0.19594847805531315, -3.485360346753018, -2.258382032179215
-3.3340342431131433, 2.8014089023132547, 2.4579806541178404
-1.7645409643031709, 1.5247495943804905, 1.0333199488031513
-1.7630521401156418, 1.5267050294316025, -0.5356519895885167
-0.19516462161764636, -3.484580467753937, -0.6863481014949472
-1.7680845336198205, 1.5207720555684834, -2.1115639638039223
-0.19344504300486945, -0.3400264085381917, 2.4576426685881323
-1.7615170352230503, 1.5280879772111564, -0.5338542959447183
1.3796037303253834, 1.5266674559696982, -2.1058501219503722
1.383867251840554, 1.5319193797751314, 2.61076493438638
-1.762152393200776, -1.6133434505813973, 1.036117615776311
2.947734545473849, 2.8005923393102115, -2.2554195902228735
-0.19525530266242005, 2.7989546013554376, 2.4550839288535675
-0.19719986327222383, -0.34467385237893056, -0.6881011345630127
-3.3350773331931634, -0.3403097199162991, 0.8872044628085918
-0.1907341763772522, 2.8040822358444126, 0.8889249617912734
-0.19658293389175716, 2.798402005112726, -0.686866457113305
-1.7605978008726213, 1.5286404512766685, -2.105095285027951
1.3746187805466736, 1.5222463700683593, -3.681262045351127
-0.19411111448499738, -0.3417717781236596, 0.885358981838604
-0.1919902909223836, -3.4804583822173942, -2.253488016645606
-0.19659620496672475, -0.3438060781138524, 0.8830507759160456
-1.7577404372162635, -1.6099351437202392, -2.101071574974717
-0.19719724264060037, -0.3460207197195499, -2.2595871111690737
-1.763552534225993, -1.615005844563886, 1.0351338436913677
2.9558145030238756, -0.33303518397493925, 0.8938621382574996
2.948916992543251, -0.34023318332017016, -2.254030185338926
-0.19342841785600964, -0.3405865951410021, -2.2554868711996954
-0.19539184766011686, -0.34282360548772706, -0.6865519099542665
-3.3345834564942622, -0.340199757257903, -2.254963344853642
-1.762071671010436, 1.5258364071385608, -0.5354986892637165
2.9466108011455323, -0.3419687426940896, -2.2565357388622598
1.375920422312384, 1.523655191277594, -0.5383903520149728
-1.7653889560694658, 1.5244719656372125, -0.5373149092016907
1.37616269352268, -1.6181197377260832, 2.603115600277592
1.379796285561575, 1.52735304525148, 2.6070429668741095
-1.762289489795443, -1.6149051191129384, -3.6767214088151694
-3.335086575682919, -3.4831580236137016, -2.2560893602792063
2.9480775607415173, -0.3405017373228172, 2.4571414848555952
2.943403406497389, -0.3451117379482055, -0.6893253934746324
1.3767902914654033, -1.6171611336652403, -0.5379975526866015
1.377335045878544, 1.523707542312641, -0.5377007958114542
2.945824452725398, -0.34357750014965327, 2.4546373002681605
-1.7632782217403635, -1.6162615511404235, 2.6049389223494632
1.3766866182446849, -1.617296609438538, 2.604006760555802
2.9443965985661755, -0.3452530419307065, -0.6888008483561242
-1.7606280480726322, 1.5288925131499296, -2.103890954198294
-1.7621172789596553, -4.755178484996873, -2.105125059132871
-1.7640328746318954, 1.5249540833136603, -2.1075820681735236
-3.334856564683209, -0.340750626458197, -2.2550789137702285
1.379575018783951, 1.5268874831828014, 1.0354981971201278
1.3784505856454077, -1.615463703078238, -2.107125072418222
-1.7636944120698221, 1.5261680923730323, -2.1068581188084434
-3.33132956244123, 2.803619299536043, 0.8899530428857436
1.3797899166083223, -1.6149289707336323, -2.1055038096754823
1.3806659009772866, -1.6134470607769091, -0.5341416512625364
-3.333827515746918, 2.8026153784981345, -0.6832054968853896
1.3760215990855402, 1.5246055828197085, 1.0324414830435453
2.947012051467497, 2.799801139393589, 2.4558757383672147
-1.7652986532632204, -1.617808777555835, 1.0324502702984468
1.3756671582395381, 1.523378172766365, -0.5386829634593067
-0.19623789216531595, 2.7973722687476896, 0.8827502728415103
-1.7553202632191327, 1.5348228966257071, 1.0430978219159797
1.377783827457017, -1.6154457093302155, -0.5355992993241042
2.9489511492916307, -0.34061793789648853, 0.887031711738989
1.3770868247300774, 1.5247114477949775, -2.1077059852536637
-0.1893677513318951, -0.33640466572735717, -0.6804034285130546
-0.19030784340980578, -0.33819076691671784, -2.2522435455745127
-0.1927681446996163, -3.483149027040754, -2.2557132861971816
1.3791184973977957, -1.615195706101454, 1.035242754684021
-3.337041746464451, 2.799273703295638, -0.6868648426785899
2.947364561378432, 2.7992853788693646, 2.4559927418859493
2.948389260469464, -3.48224569065484, 2.457316023290166
-3.3265335313358033, -0.3316196002499044, -0.6754688828498211
1.379681500342566, 1.5279258389744037, -0.534847276961811
-3.333538456982652, 2.8026017213823784, -2.2533147509417333
-0.1925847755362604, -0.3401883635858066, -0.6839231989901794
1.3792855277873484, -1.6147276016052894, 2.6068933211231755
2.9481704111726046, -3.4824543665572145, -2.2549864200967162
-1.7642899648357555, -1.6160119836622722, 2.605819245168744
1.381235400370135, 1.5288948024975844, -2.103853415062084
-0.19052306267775096, -0.33684027652783877, -2.2522882820408188
-0.1923528395871464, 2.8017210843498446, 2.4580359837260937
-1.7657606584550785, 1.5235885313692916, -2.109150138626167
-0.19245505729562726, 2.8012584509543577, 4.028393901386854
-3.333184640054832, 2.802167009545925, 0.8881156066231917
-1.763009341090742, 1.5253046165552715, -0.5362880738995686
-0.19810676387320994, -0.3452754034288459, -0.6893131782669266
-0.1951126637434791, 2.798170050262211, 2.4546904743284426
1.3769043098178804, -1.6163680249876673, -3.678877652992115
1.377310222680845, -1.6157662261034367, 1.0339009721989623
-0.1892396423134394, 2.805265768923482, -0.6802054893989491
1.3747437035003862, 1.5220841309218638, -2.110456362885571
-1.7656568718625376, -1.6181864505913315, -2.109335990240006
-0.18969286110054945, -3.4796365928483484, 0.8893962047928781
-1.7695469883173114, -1.6218663797921855, -2.113048686975366
-3.332329211942823, -0.338492816251369, 2.4593103791246116
-0.18718624779092147, 2.8074328710111143, -0.6776748716800982
-1.7665701569193673, -1.6186663074795042, 2.6020402884132876
-0.19343030770662942, -0.33974856845554136, -0.6843788521150881
2.9510519745255075, -0.33809527592800376, -0.6817862507999705
1.3791690640661285, 1.5266488423341866, -2.106205119907638
-1.761949370237793, 1.5275004930622111, -0.5349575199254101
1.3771866315969175, -1.616977609111941, -2.1080412675474873
2.9504364479366605, -0.33722236707379316, 0.889278140323112
-0.19687570808618793, -3.4853230324046205, 0.8831358605092573
-0.195254485889389, -3.4851994311714374, 0.8831349823841014
2.948825268223265, -0.34035754151109116, 0.8867274759293847
2.9479993420947292, 2.799745025864879, -0.6848780963939254
-1.768159772454246, -1.618147679951164, -0.5399203445003173
1.3761951901655922, -1.6165959847482096, -2.1082800217307027
-1.7643586729649683, 1.5245327914683082, 2.6041841911872545
1.3810707927997714, -1.6138551463126407, -0.5340060537136085
-0.19360534342949626, -0.34213409177642856, -0.685532495236096
-0.19557420381588073, -0.3441828607792151, -3.828650961085551
1.3764524664255473, -1.6166387643324054, -3.6793184080729424
1.3776033056337709, -1.6161515135952902, -2.107507407322837
2.947817790652564, -3.483616863429062, -0.6849963684862697
2.9476341914122575, 2.799645124989565, -0.6853927146685839
1.3739293616409674, 1.5214972775929143, 2.6010915597200857
1.3760655055200777, -1.6184824191919465, -2.1097800496952535
-0.19704952724888541, -0.34491663608164314, 0.8821772716558253
1.3768604083915215, 1.524189859149428, -2.108028430850261
-3.3398423388443543, -3.4877261888259743, 0.881390758152353
-3.333447901033933, -0.33930096069532584, -0.6829923767570777
1.3731022041460903, 1.5205470459332497, -0.5416103219606713
-1.7644756479418269, -1.6186285786944228, 2.603957471013517
2.9468711167552635, -0.3408808002091496, -2.2558470771720094
-0.19043219115977017, -0.3390062684257966, -2.2531991677604597
-3.338172345865023, 2.797980915681642, -0.6869850497160318
4.515833034506455, -1.6190872112906887, -2.1102014764030415
-0.19409830107801532, -0.3409326894897357, 0.8855414277832496
1.3785247084396286, 1.5264576489869328, -2.10647835126448
-0.19054033480283467, -3.4796402450243975, 0.8890020704470072
-1.760606827691451, 1.5279323908620788, -3.6757633059642747
-3.3364373470037902, -0.34234930044691325, 2.45554140104828
1.375271094956335, -1.6183762403705755, 1.032429590326542
-1.7672247976436173, -1.6202240008664899, -2.11119568364222
-3.335567233984597, -0.34115588420006737, 2.456733503252613
-1.7682664016782645, -1.6216254988510097, 1.0286693075438866
-0.19116108294690604, 2.803572145705646, -0.6823221340186084
-1.761160015146985, 1.5287681363005077, 1.037048812064171
-3.333579841638466, 2.8020951502712172, 2.4585346042913883
1.37492914702624, 1.5220805352313567, -0.5396408589147266
1.3794832723783546, -1.6145853604781348, 1.0360031348955863
1.3800077354691265, 1.5276701111520483, 1.036489599964642
-1.765223499850419, -1.6177965705176418, 1.0324571156974183
2.9484903371745133, -3.4827115611593578, 0.8865078121391329
2.9512069645429353, -3.480256417320604, -3.8237766742615267
-3.3327259803575435, -0.3387048860254944, -0.6822685079875221
2.947927789112809, 2.802651824069831, -0.6828910195163604
-3.3369336268072254, 2.7989235324979345, -2.2568067417775657
1.3779577941348153, -1.616799744314166, -2.1077074223725654
-0.19746855679843084, -3.485794577164216, -2.2586475225190488
1.3776189021502778, 1.5266734189692215, 1.0350689159759248
-1.7658455243906206, 1.5228415802327766, -0.5384231549753459
-0.19344439847050526, 2.8011394358488872, -0.6839758638344845
1.378531848771196, 1.5261760751301963, 1.0351435642571694
-3.3341755866761305, -0.3403289812862783, -2.2542611600102336
-1.7672441748211722, -1.6178367913592115, -0.5383298730120605
1.3776513706016797, 1.5252353668795786, -2.1070814433026124
-0.1924762621118545, 2.802587615822398, -0.6830189856141301
-0.19378580943384952, -3.4842822105450293, 2.455721060025416
-1.7666236362715642, -1.6171329500669274, -2.1091815404512113
4.516592942876803, 1.521549078997279, 2.600795326270443
1.377366347838284, 1.524927902510618, 1.0336255726840147
1.3808989728956031, 1.5285009046299964, -0.5337459493827077
-1.7652828638741882, -1.617530541730148, 1.0322038462113625
1.379786216224358, 1.5271144636714677, -0.5348496632282189
1.3817177363637754, -1.612205940657301, -0.5336178893707575
1.376303481601088, 1.524285805731993, -3.679305216742772
-1.765641570202621, 1.5237667699374078, 1.032717266256642
-0.19271160475912277, 2.8023682425729612, 2.458142605070825
-0.19471943241941025, -0.3420196348896975, 0.8851065097695571
1.3766435949025848, -1.6172699231577718, 1.0330312629263347
1.3776619509471453, -1.6171899893026138, 1.0333768807161128
-0.19588657414723368, 2.798002626483328, -2.2581606117324
2.9495037389063055, 2.8024916478004047, -2.2542178640432886
2.9516076036497747, 2.8041493345354853, 0.8898349610048721
-0.19387300635947283, 2.800663789467139, 0.8859829001562383
2.9472462690796974, -0.3432050342687258, -2.257204376801462
-3.3356084838270443, 2.8002968766010987, -2.2555284563061933
1.3723935165566166, -1.621696587926221, -0.5422295991372602
1.374052502625253, 1.5232818782789603, 1.0313363775150042
-1.7660218078821293, 1.52276149066927, 2.6023622843556597
4.52373210697769, -1.6124544844955653, -0.5328987861810458
-0.19455638178835505, 2.798152927511139, -2.25697211139985
-3.3361850412056557, -0.34190935096345676, 0.8851918610581553
-3.333194377288886, 2.8019138877231353, -2.2539708804940233
-0.19011669941045797, -3.4794027995685806, 2.459918404027187
1.3787880776924388, -1.615249430696668, -2.106690432605771
-0.1906174593645928, -3.479820386342275, -0.6813504852325061
-0.1918800934985265, -0.33830353908328975, 4.030636938130309
-1.7611030159588803, 1.5276203502004884, -3.6759732797978977
-0.19498809635173606, -0.3427277991109279, 2.454982474684774
2.9456304330306966, -0.34363634235000434, -0.6873898884139968
-1.7625080157005948, -1.6156569745904157, -2.1068929346923335
1.3791116859850996, -1.615073379519427, -0.5351280755024379
1.3747340781226893, -1.6181898370986654, -2.110012642946209
1.3747111027603656, 1.521678909597991, -2.110932948813179
4.520125460433783, -1.616288079130587, -0.5363358445128718
-3.3348845918436765, -0.3396832375877634, 0.8871643654995685
-0.1941963714661757, -0.3407172813621392, 0.8856832506908744
-1.7630830021291513, 1.526310833846165, -2.1068172530912475
1.378139436907322, 1.5250371161771563, -2.1076797582573232
1.377391543810392, -1.6168725935574337, 1.0336852602871662
-3.3359430096069334, -3.483211434927289, 2.4563178743039313
-3.3367808356535957, -0.34289407658464705, -2.2567771849024005
1.375976838579378, 1.5232445267875938, 1.032372200213027
-3.333274920184891, -0.33903329706225993, -0.682951681409603
-0.19132688242366114, -0.3397149665609088, -0.6831761548729953
-3.334206496243994, -0.3418628211792069, -0.6848676635410218
1.3752151003378377, 1.5216805965476605, -0.5395713901128817
-1.764291616651, -1.6177200580233526, 1.033088724258125
1.3766404294143848, -1.6184970205201177, -2.1088946218478357
2.9454458243130137, -3.486384242905139, -0.6877549657195607
-1.76163827000764, 1.5265731922333081, -0.5346868295116902
1.3753167257035463, 1.5227526264450992, 1.0316859275510506
-3.32917468664441, -3.4775894189280097, -2.250308171633131
-1.7635207685043242, -1.6157132836471693, 1.034438354240025
-1.7681024975261792, 1.5208337253903845, 1.0298007148465376
-0.1963704638110629, -3.486858739917305, -3.8294518267770816
2.9491463635932393, -0.33960348713087024, 2.4581302398389218
1.3763247877721265, 1.5237757156210858, -0.5381668978885782
-0.19542098486893, 2.7971797829876763, 2.454388455426336
-1.7662024213236054, 1.5218331256376012, -3.681573538791662
2.9468096490142437, -0.34224660248832434, 2.4559113640840153
-1.7664263774797169, 1.5230638289008076, 1.0320750379421035
1.3756860026243916, -1.6182537627730815, 2.603224589711879
-1.7661601499148232, 1.5238279548772773, -3.6805470994121285
-0.19487176048492927, 2.799493893211601, -2.256870149245449
2.9458390833040453, -3.4844009542436267, 2.454984746941353
-0.19528767609100556, -0.34479324264853445, 0.8827945261512657
2.9474590080663567, -0.34274242448368986, -2.257117648480228
1.3720006968373568, 1.5190738324674995, -3.6838650825706645
-1.7581724755314476, 1.5315939975007122, 2.6108795129088658
1.3712975422989169, -1.6235435376872038, -2.114007723996257
1.3779576360442274, 1.5254015529392235, 2.604929849317053
1.3792688165923956, -1.6136467207017702, -2.105143617566608
1.3799899889710447, -1.6151276283372253, 1.0355609428541517
1.3861149030146875, 1.5350702702532508, -3.6693623718735524
-1.768888000745746, 1.5197810070565196, -2.1122483979740814
-1.7629246788822337, -1.61496023852549, 2.6058985632882843
-1.7605305153987376, 1.529385274078244, 2.6083368351269973
2.9519527631311226, -0.3371628912563725, 4.031563560911579
-1.7681314449402268, 1.521791728270586, 1.0303421606540857
-3.3335517046898717, -0.3384085891786113, -2.2532098321199117
-1.7654169224018355, -1.6179266460734623, -2.10952924560451
1.375407295100877, 1.5220579806258736, 1.031684841462568
2.948340395223311, 2.799675900429514, 2.456813124503511
-1.7626820452701373, -1.6149772418080153, 1.0354116929198554
1.3766421111297478, 1.524978900869676, -3.678297056466015
-0.19414389794589718, 2.7995978497994507, -0.6847514582257287
-1.7639396324736762, 1.5252348061258914, -0.5372033816078566
-1.7666722998654725, 1.5227159660188823, -2.1104426405388863
1.380291325776779, 1.5283327172935142, 1.036939254890762
1.3808730644307756, 1.5284741926375298, 1.037261817926253
2.951327246879871, 2.8046446001295378, -0.6809734068245887
-0.1900511426687015, -3.4795070210151495, -0.6813718965041429
-0.19414272057910406, 2.7996868222986864, 2.456129993457075
2.9467041415895148, -0.3411270937157912, -2.2565479621371867
-1.7688106680291529, -1.6220838937161952, -3.6836436323143804
-0.19396140140480453, -0.3413271765578864, 2.4567398149302084
1.3827226831543653, -1.6110890963116085, -2.102676429228986
-0.19686900714032093, -3.4859306683227773, -3.829665128433685
-0.1912749226570062, -0.3391853977505351, -0.6825756160860388
1.3792297075042348, 1.526190558665136, -2.1060907540328784
-0.19352970408476272, -3.48365817807111, 0.8857095380535026
-3.334339973527694, -0.3408094131294543, 2.45771752536388
1.381287779151593, 1.5270692565079866, 2.6082029845967076
-1.7696355626995353, 1.5195345478691218, -2.11317348716233
1.3777187551253434, -1.616323966332963, -0.5366137059585269
2.825853343943549, 2.682131830059922, -2.374200954917474
1.377345500102253, -1.6184099305015898, -3.6798005740651734
2.946743542477198, 2.80023548336017, -2.2566412086775625
-1.76461815088463, -1.6164686642121082, -2.1076494646197173
-3.331486637221334, -3.479292153579866, -0.6814494269554657
-3.3363283487012083, -0.3419493549279918, -2.2570938891932673
-0.1911248906144286, -0.3386457230597188, -2.253084051536315
2.949145059744243, -0.34101391859780034, 0.8866243805689079
-0.19226307602201695, -3.4806580271218635, -2.254226053545262
1.37835971379954, 1.5248210456850002, -0.5362697604322991
-0.19493034097382478, -3.4840137004999843, -0.6857747136651259
2.94862790303818, 2.801559483026468, 2.4575910859522594
1.3751523620532808, 1.5227767716091163, -3.681145979534801
1.3779765755280706, 1.5246492828384264, 2.6054338014561202
2.9473007838311993, 2.800244294727304, -0.6851483673897625
1.3763508554730077, -1.6168091509822393, -3.679402011589117
-3.3379465948489395, -0.34374111214176123, -2.2582893419416394
-0.1894931213101471, -0.33862096783839274, 2.4593450594191166
-3.3348590708987076, -0.3397418900096531, 0.8865655265170869
2.9476008436853394, -3.4835858225667615, 0.8852602987700574
-1.7646198161035893, -1.6174841938904945, -2.108494730931926
-1.7661471688179629, -1.6188706589225503, -0.5392293804822771
2.945764714848177, -3.48483026935774, 0.8846423396405716
-1.764605682222791, 1.523845791638874, 1.0332418359669757
2.949320470001074, 2.801438156306888, -2.2547498174529808
-0.18947717348717913, -0.3370339512239596, -0.6808097724820268
1.375798437685458, -1.6202286378821442, 1.0309079857406214
-0.19536016351457147, -3.48443088882596, -0.6858263508000851
1.3760650246391049, -1.6181554572330892, 2.603009023888077
1.375074310943014, 1.5227076598679177, -2.109616230169063
-0.19257849213727526, -0.3393938561119689, 2.458460333979668
1.381381296879829, 1.5270956702007352, -2.1047074503895318
-1.7668506294038615, -1.6200152710974705, 1.0305213421847383
-0.19415531236824865, 2.8006272947173585, 2.4567977259832805
1.3788203881853034, 1.5267569427782701, -2.105963475238524
2.943391637740269, -0.34577039775847784, -0.6895195296899612
-3.338114276737455, -0.34491341204721576, -0.6884272055526136
-0.19458250592272783, 2.798991894380661, 0.8845244901890504
-0.1914863964851538, -3.4798209005589094, -3.824302215743217
1.377340544065223, 1.5242144522856995, -0.5371046502459476
-1.7668320352764337, 1.5238935153583644, -0.5390376718409771
-1.7626404013202268, 1.5268713103063556, 1.0353293760640236
-1.7684745094892502, -1.621371465786386, -0.5412531128119837
1.3817870250584752, 1.5292828215990322, 1.0386911700970656
-1.7641080733705725, -1.616407542044412, 1.034259130774469
-1.766219657417954, -1.6186448126137885, 2.6027411386944856
-3.3321224920513486, -0.3376609376890906, -3.8231458656335606
-3.336001410837394, -0.34309628815094745, -0.6860802117301468
2.9485748465695854, -0.34039595367549746, 0.8861090247443494
1.3774113350419555, -1.616904031776446, -0.5371163448710452
-1.7649113636476805, 1.523262510087701, -2.108811652590141
-0.19424508366011164, -0.34163961151411776, 2.4563101785514947
2.9509231125192605, 2.803880970697013, 2.4599310941958517
-1.7638264012127542, 1.5251580566287195, 1.03389778888047
-1.7627101869472166, 1.5260233196878215, 1.0353592792000466
2.9469088194472763, 2.8001443098553533, 0.8846230585296898
2.950830961935515, 2.8026895642769847, -2.252625237595748
-0.1915653292456769, -0.3386812197802305, -0.682004309721594
1.370040928814877, 1.5165301646016272, -2.1154207783452175
-1.7642528705036058, 1.525363744211159, 1.033970992981478
-1.7640821778168267, 1.5249031592946525, 1.0343405217974333
2.946594774287185, 2.799466723535189, 2.4557934835570907
-3.3344557771464927, -0.3396497373052601, -0.6834057880186452
-0.19524631197933734, -0.34239432684659826, 0.884885633302984
2.9466151886554806, -0.3416675966900714, 2.456221636677981
1.3770057550787926, 1.526016787080824, -0.5367035122534077
2.949392428136953, 2.800990212136793, 2.456545997442177
-0.1944226973948696, 2.7992823246573755, -2.256462210569402
-0.19609854773052168, -3.486406978446391, -0.6883029274152146
1.3779993145383749, 1.5249001913038327, 2.605647434000999
2.9507645801719757, -0.33954167910755484, -2.2535919309162233
-0.1907691894832272, 2.803422626612101, 0.8888824438544223
1.376734871383966, -1.6162110463630444, 1.0330991928809914
-3.3374916096348923, -0.3435099915637336, -0.6871969669913686
2.9469598512772714, -0.34224972957570954, -2.2567902695701783
-0.19778017075549334, 2.7963133347254625, -2.259499023966019
-0.19677990966731218, 2.7968126448870763, 0.8826753310876296
1.3757027304750677, -1.6185794386781631, 2.6033315867207363
-0.1931707216668732, -0.3404015641536501, 2.4570088163528085
-0.19392289217414024, -0.3412840044289029, -2.255684662168504
1.3764523674974711, -1.617621699263181, 2.603475057629841
2.9507794343413005, 2.803323065768508, 2.45929601551081
-1.7642308945037801, -1.6176652652194057, -2.1088305615045235
-0.19589502025560465, -0.34277482880432464, -0.6863068840820697
-3.3344445012129715, -0.3397864611038338, -0.6839333672974289
-0.19690423108448554, -0.344793429778431, -0.6880782459960059
-1.762888201466751, 1.5255224727565844, 1.0348377736325018
1.3782201467425155, 1.5258455538975533, 1.0349340179191293
2.9457869400784835, -0.34447465155977874, -3.8290413665639207
1.3802173868925927, 1.5273042336290703, -0.5344326466115946
-3.337300137900023, -0.3424536637425896, -3.8278462114358445
-0.19290617912903416, 2.8031210421232164, -2.2538452847444974
1.3797646923202909, 1.5275046320208387, 1.036104090868865
-3.33212685508936, -0.3389411027506763, -0.6819064903509112
-0.19469544238988576, -0.34231368574732185, -0.6860233984960415
-1.7660609206762672, -1.6202306137782385, -2.110073154732243
-0.18997754697312844, -0.3370783950225323, 0.890267360539967
2.9463409498549713, -3.4846174535202037, 2.4550877485785096
2.949208125735103, -0.33956246455193684, -2.2545024882710223
-0.18989410705811954, 2.8058188116439027, 2.461306202857755
-0.1925894588357114, 2.7993815304721927, -0.6844822389580203
1.3764123849610181, -1.6166041999183585, 1.0332567579054912
-1.767298849147227, 1.5226777716327864, -2.110157215664862
-1.7642973822051515, 1.5243632488350523, -0.5371427912095167
-1.761451702786996, 1.5280920033570036, -0.5340555272655322
1.3780148480967704, 1.5260673458691298, -0.5363756127829337
1.3791015578145929, -1.6147089736737266, -0.5351899981673205
-0.19414097179408102, -0.34270272724673806, 2.455915244616947
1.3803627024188996, 1.526383699503174, -2.1057434876928456
2.9484661469448654, 2.8003357922702237, -0.6844527322630083
1.3765163668650267, 1.5240156713490327, -2.1087128596065763
1.3779227875849178, -1.6152932545127765, -2.107195292833762
-1.7664518691713837, -1.6193107365552288, 1.0309998954689952
-0.19402350527111964, 2.8003547636068005, -0.6850037241827132
2.8827715001804353, -0.4047141005993632, -2.319235209213338
1.3779836186109444, -1.6176703947022117, -0.5372320148153981
-0.19170788434758856, -3.481650062379547, -0.6830151087953452
-1.7676108221365068, 1.52172571992118, -2.1112534249686346
-0.19568316977211567, 2.7983477454458163, 2.4546534526265944
-3.3320992660942683, -0.33992409908455407, 2.458740021172295
1.3786436262098543, 1.5260140744563762, -2.1061613334894695
-1.762300163812965, -1.614681971962502, 2.606961306689687
2.950728683140214, -0.33777013409873463, 2.459731106570249
1.3770084127100575, -1.6160173836606626, -3.678302673893941
-0.1918695590914256, 2.8020017750791832, 2.4580578731167977
2.951631126121994, -0.33807941193925073, -2.2525093156380533
1.37867323985026, -1.6156771834555086, -0.5363888320807098
1.377203518562472, -1.6175309450156696, 1.0332461669525703
1.3781806108071666, 1.5253065311908018, 2.6050986243067924
1.3769835259715235, -1.617083957419531, 1.032840122802961
-1.7663744971166109, -1.619677724403598, -0.5387469230783289
-1.7640176225123951, -1.6165523307164347, -0.5369698275591946
-0.18910675326958906, -0.33645425572972365, -3.8221555307666035
-3.3352686164448464, 2.799225924544216, -0.6849343763518045
1.3771907648493094, -1.6157311110140617, -0.537133485095393
-1.7643710499887326, 1.524666717640352, 1.033652050108955
-1.7613724482213264, 1.5273263535113055, -2.1050284703943154
-0.19672193825883458, 2.7974983651113225, 0.882917441590149
-1.7645748850616894, 1.5251381368461137, 1.0341035882316367
-0.1934774265117069, -0.3414119782292811, -0.6854517957067149
1.3781775533341314, 1.52562558292405, -2.107557482101723
-0.19348956892733937, -0.339688705753783, 2.4576450001192356
2.948332908885635, -0.3404715752739063, -0.6844360511897862
-0.18980875912916037, 2.8043048228700878, 0.8900007072813945
1.3782379673237974, -1.6148242473262524, 1.034961563150838
-0.1904871171569539, 2.8037920336469875, 2.4602439275831656
-1.7665069633323283, 1.5230111687799175, -2.10989187393723
-1.7579570130810112, -1.6091888360044906, 2.6115022532571333
1.3777745650775122, -1.615637850542311, -0.5366345537451079
-1.7647842035050378, 1.52449997450688, -2.108669645330511
-0.19633058308128168, -0.34144806375835923, 0.8852543338413028
-0.19555572213585112, 2.798468914807809, 2.4550353191507583
-0.19454825996020128, -0.340598407867355, -3.826084702437686
-1.7667751485599215, 1.523265668162864, 1.031430827032485
1.3760465403873765, -1.6168087892873442, -2.108546039203252
1.3802712504946342, -1.6118819572759953, 2.6077606215462086
2.948031602314387, 2.7989872450720763, 2.4550672843054944
-0.19538242760933033, 2.7981929498941005, 0.8843417134678517
-1.7668561855123532, 1.5224176510343546, -2.110660401083288
1.3772301347747504, -1.615627237754454, 2.6048533347675327
2.945805674520661, -3.4847850276834222, -2.257813121787136
-0.19577414611448604, 2.798483248607339, 0.8842684164584652
1.3799474363967497, -1.6138865862097767, -2.1050003598401297
-0.19735286346998543, -0.34543127653014083, -2.2595738155606133
-1.7687133750413804, -1.621475195429764, 2.600105516621262
-1.7651242717640756, 1.5239720706606434, -3.680477032089978
-0.19390026552501566, -0.34142934445226303, 2.4565160026489057
2.9468532034758366, 2.7995605868185094, 0.8853384623702791
2.9468120350886133, -0.3425489319529708, 0.8848383340639029
-0.1938668133067732, 2.799848490519344, 0.886007138207987
-1.7621138176908537, -1.6141285351832477, -2.105716388398685
1.3772245887674155, 1.5249619212911665, 2.604247246175324
-1.764380071994738, -1.6165297769910107, -0.5370613345180133
-0.19110061615839877, 2.8021236706571657, -2.253832527800183
-0.1942223556663484, -0.34271750191004885, 2.455910369726022
-1.7614064513823637, 1.5290192896542676, -0.5338012348505359
-1.7647690928870805, 1.524822403211752, -0.5375342657431086
-1.7627447643382552, 1.5265831020096625, -2.106048137925339
-1.7623573557675722, -1.6129532819263408, 1.035674336978687
-0.19133323802778185, 2.8024369474141464, 2.4588403167237214
-3.2197464063023924, -0.2295323862563616, 0.9976482711536833
-1.7616587873292993, 1.5273270727219146, -0.5348437732978593
1.384379505083442, 1.5315356630379293, -3.6719166034816233
-0.19048966206063464, -3.479389542532425, -2.252304023822596
1.373171487588512, 1.5210044323291527, 1.0301682014725961
1.3784245773953265, -1.615428104958804, 2.605603095682567
-0.19170334826712804, -0.3377458091093265, 2.459364112285654
-1.7657052906444795, -1.6194829259302173, -2.109522304794265
-0.1941524616879661, -3.4836950391966934, 2.4561446741966977
1.3759404051050586, -1.6189913771186188, 1.031311511044415
-3.3358947641090366, -0.3420236407596767, -2.255890215011288
-1.7661921184962217, 1.5233713089305747, 1.031952504850494
1.378371169740381, -1.6159258335675233, -2.1071202140801333
2.9457961021813786, -3.4842737051353865, 0.8845935729320213
-0.19164266614357733, -0.33922825114759725, 0.8879406988726237
-0.19458926525751755, -0.3429967733647732, 0.8841710384222287
1.3746333960115713, -1.6187445340161122, -0.539862167985808
1.3802302910487498, 1.5274091943512706, -0.534502612112593
-3.3327490389245584, 2.80380904782153, 0.8889251608638985
-1.7633182457985974, 1.5254510476267762, 2.605069064553766
2.948071723062372, -0.34105587796044434, 2.4568299798536857
2.9480309463777203, -0.34001418011327006, 2.4576726743298654
1.3802915816881236, 1.529079520259259, -2.1046574331234433
-3.332639775677897, -3.4826208971934856, 2.457955413951792
-0.19409792128225573, 2.7984010052491466, 2.455243858742488
-1.7645514814868961, -1.6176130571415317, -0.5377921559066117
1.377234700868521, 1.5245351010996364, -2.1081281312565667
-1.7625566888639135, -1.614335816946815, -0.5349940615333931
-0.19162929265566023, -0.3370850574328225, -0.6818270071416862
2.9437816766985807, -3.4859480960392215, -2.2592674524047487
2.9472165673726645, -0.343337416146929, 2.455134101615352
-0.19586654753813598, -0.3455074689996506, -0.6878762974750247
-1.762518118924679, 1.5262643990501061, -2.106421305297411
-1.7656351972507018, -4.760555780795966, -2.109563560230968
1.3728833973778483, -1.621540900510898, -0.542134086662034
-0.19157254456001743, -0.33882014767957447, -2.253466733320293
1.4366750968249686, 1.5888833118367005, -2.047311846345412
2.948785851975162, -0.3412394150791903, -2.254809253243316
-0.19084216625440606, -0.3362516728141575, -3.8225441072088526
-0.1976616912773651, -0.3453569377730164, -0.6889041448507043
1.3955465408209557, -1.597208549461928, -2.08947735639237
2.9497445155826187, -3.4809922518019363, 0.8874831778165854
-0.1904152552280257, -0.33832512034184964, 0.8892179166849264
1.384057748881657, 1.5326422720058896, -3.6716033623423256
-3.3343895167487543, -0.34011509014787233, 0.8868969280552371
-1.7643922445339046, 1.5249171658998404, -2.1075812974534394
-1.7676727271075992, -1.6198513970971424, 2.60107405069668
-0.1893408438572118, -0.33717834076784203, 0.8898684106524204
2.9443958355649014, 2.7957535397149487, 2.452035548573585
2.9490858020393635, -0.3408736354570115, -2.2555977737456088
-3.3342910905884295, -3.4833147526824226, -2.2559464984559354
1.3778256319892825, -1.6169043544684278, 2.60439958895214
-1.7627205062342903, 1.525285082385586, -2.1066077085314
1.3777993130781998, 1.5257226921688296, -0.5363716406477358
