-2.316114841151479, -4.604820632557516, 0.9046671956864497
-3.8860228477159704, -1.5977366223978702, 0.05241755424963847
2.396992032080966, -1.598348390732336, 0.05138831490094778
-2.3170605701115545, -1.4658638369227766, 0.9033487149419552
3.967816757195307, 1.6807721885302365, 4.047519231608935
-2.3152071774572893, 1.6800004971687692, 2.4763550195950845
-0.7446108764449345, 1.542513616239911, 0.05130937608815838
-2.315621579257694, 1.679093946647708, -0.6657667880865401
0.8264099235656178, 1.6805850680946075, 4.047512867010572
0.8272579034569778, -4.601913389415912, -3.8060416769525256
2.397033297706249, 1.5437262080926355, -3.08976260867156
-2.3153035387670418, 1.6792463819725165, -2.237023882558732
-2.314883058114733, -1.4609580333072565, 2.476707133256373
2.3966950420421425, 1.54270966273241, 1.6220739124500683
0.8251678437651828, -1.462430703479901, -2.236321425919542
0.8254536619804276, -1.461674494452658, -2.2356321311469585
2.397893585979637, -1.598816149549489, 3.192469025712634
3.9669250023840874, 1.679020023284489, -0.6656288365067999
-2.3149465024396716, 1.6785056625362094, -2.2355661991907017
-2.3152476853583033, 1.679110736925979, -3.8076953887378506
-3.8873971494991566, -1.5988522059328594, 1.6228512017114454
2.3974152700195024, 1.544289281444953, -1.5186348874288882
-2.313989096239107, 1.6798638809436999, -0.6650885145496422
0.8261156640354725, 1.6797941785846355, 2.4765485878404037
0.8254870440191617, 1.679973334578851, -0.6656049522003262
-2.314590404670233, -1.4604557134694807, 0.9061492400746559
-2.315584648620786, -1.463651587836244, 2.4751791087070876
-2.3155492408029366, 1.6792177172760323, 2.4760817175076335
-2.3146651432726593, -1.4613269537020943, -2.2360090593932753
-2.3162090732710174, -1.4623639365349264, -0.665756124168127
0.8255840389589971, -1.4624371883199387, -2.236225832335364
0.8257826752859448, -1.4624491842844967, 2.4761161372068896
-3.8856431523909998, -1.5978373218425888, -1.519245113958001
-2.3157616522504703, -1.4627965923135449, -0.6659947256924094
0.8257307408667784, -1.4620073227817416, 2.4760976366793774
-0.7454544391713648, -1.599734594129612, 1.6219274394383887
3.967949535437934, 1.680064359727461, -0.6650941082307326
0.8265883894720973, 1.679467782234003, -2.2361583680794808
-2.3150552778224767, -1.4612991003281628, -0.6651669370970694
-0.7443983964210727, 1.5440456890506657, 3.193763118644482
-2.315561758318086, -1.4619135387785884, 0.9053603665711603
-0.7458871687740674, -1.5997244269709407, -3.0902928567937358
-2.315628782101365, 1.6796362005981438, 0.9057545991583282
2.396557187298123, -1.5985026226007557, 1.6227258620061724
-0.7453375668613698, 1.5408723412467953, -1.5200638722474393
0.8248338532549726, -1.463364367910296, -0.6656901294172491
-2.315351050237186, -1.4633388641840732, 0.9049089911621604
0.8252706263755769, -1.4631150071804164, -0.6656965598460284
0.8262593813781262, 1.6800944848998383, -0.6650831339744534
-2.3145672373723887, 1.6808214935683896, 0.9057258544239374
-0.7452773025669684, -1.5994618739909476, 0.05106076361753236
-0.7449305151182565, 1.5430267072618569, -1.5192299460361554
2.3965611560142195, -1.5996716224553658, -1.519972094871148
0.8247457613442941, 1.6775727915874987, -0.6661718138813318
-0.7460859299112179, -1.5995077687331514, 0.05141027862961976
2.395590953082821, 1.5428510364748231, 1.6225472947020507
-0.7457646043636451, -1.5979274664512115, 0.05234164350786835
0.825586344785783, -1.462600276467139, 4.046599109334939
0.8265472815428309, -1.462102288557644, -0.665414654939708
2.396965718326199, 1.5431595260532578, 0.05203686860989038
-0.7443973257632431, -1.5981260448646746, 1.6231193749134996
-3.8873672599635913, 1.5417213518256006, -3.09051840847136
-0.7466739078434137, 1.541435766127426, 1.621320045417654
0.8257624897659546, 1.6790553572066513, -2.236410963581369
2.396364078402427, 4.687102338762076, 0.052725074594635546
0.8254756889228991, -1.4629777531418706, 2.4757283330257613
-0.7447342289064843, 1.5434215601191061, -3.0896773519527576
-0.7453322006111592, -1.5993277857645773, 1.6221743800906105
-2.315738912947771, -1.4621527526751712, 2.4762057297087177
0.8255871897449545, -1.4628293001386985, 2.475651188647212
0.8265555307112268, -1.4612986055712303, 0.9054730134170853
-0.7452626671798801, 1.5417243056440433, 3.1924008064547884
-0.7444962360321454, 1.5424512563168238, 1.6226480440511135
-2.3158675237010327, -1.462085014711321, -2.2361084231994717
0.8243078646076216, 1.6779244753068663, -2.236596979679693
0.8255700890439039, 1.6788413430686506, -3.8075163535060157
2.3968848551556485, 1.5437597139445234, 0.05245057722184728
-2.3161463927438843, 1.677943553899905, 0.9053503139426706
-0.7446661468062388, -1.598104837430937, -3.0895353164529524
0.8252305177085016, 1.678388754282733, -2.236451886016396
3.9681701268571614, 1.6789275352034916, -0.6659597721405016
-2.3158124374497953, -1.4630585125447837, 0.9051019967211477
2.395523531066039, -1.5991180118547497, 0.05133588061499974
3.9679529033951995, 1.6814344080609516, 0.9058991991097459
0.8247103099036085, 1.6770115340880523, 0.9040750974746594
-2.3170143843881275, -1.463048049774272, 0.9051315563899106
0.8261710575366731, 1.680640789411703, 2.476939029446837
-0.7456855968530915, 1.542260482570638, 0.051387622277380265
-0.7453947211928773, -1.5984766788508302, 1.6226584188233584
0.8264452755216944, -1.4626511799395148, 0.9048901008302876
2.3962713530590434, 1.5440513959007902, -1.5187089348105263
0.8261582219222526, 1.6801673752879405, -3.8065276024194525
2.3966576500449492, 1.5433230416211094, 0.051983657442454485
-2.3159587975589613, 1.6782806590212926, 2.475973747965693
-0.744603216719816, -1.5995784913145938, 0.05106314626484531
0.8254991331751114, -1.4625153993190234, 0.9055297579902367
-0.744575895215158, 1.5445523384562627, 0.05265184593051856
0.8273408826358015, 1.681618305865124, -0.6641632888859008
0.8259867038379528, -1.4627551516828887, -0.6656526633947303
-2.3161356369503685, -1.462358756469846, 0.9055949300335987
-0.7458209184169591, -4.740678439104621, 0.05145099765118725
0.8259216478056951, -1.4637163550204768, -0.6663656083750333
3.9675930152911634, 1.679475801087826, -0.6651011209088241
-2.314955817766692, 1.6798178336079312, 0.9060673994147203
-2.3165880100802876, 1.679235608623506, -0.66556277096865
-2.316416678147308, -1.463548879461624, -0.6655448084089705
-0.7441796195922569, 1.5440212266687479, -3.0891274155104287
0.8252529098072542, -1.4641332707494825, -2.2376235561712576
-2.3159074899238012, 1.6797736896361497, -2.2357687037228655
-2.3165049444276247, -1.4632438642280388, -0.6660309280415483
0.8268334227853219, -1.4620470555220948, -2.236437152823011
-2.315906470481648, -1.4630838648969355, -0.6654270096645432
-2.315874584480987, -1.4621428569547392, 0.9050782898305045
-0.7448220928325425, 1.5433697130403619, 1.6229843726284656
0.8268120936979924, -1.4615755957819936, -0.6650865819954269
2.3957265954218814, -1.59984937394617, 0.051227837695285224
0.8264411655434615, 1.6791042484611043, 0.9053654957252448
-2.314798832969188, -1.4618496242618313, -2.2359989199122343
-0.7447339892727717, 1.543168336742426, 0.05191534992468911
-2.3154909661589653, 1.6796542320088448, 2.4765456459716466
0.8257096334727831, -1.4624400158681004, -3.807507491352281
-2.3162731929516696, 1.6786666361820752, -0.6657680719071076
-2.314558332225005, 1.6818206131488582, 2.477139048186296
2.3959697969563885, 1.5439928746277112, 1.6229976466582074
-0.7450192188208838, -1.5981904708180894, 0.051833366080502354
-0.7449851939230127, 1.5430705169302297, -1.5189950582436218
-2.3158985391512634, -1.464013570704289, 2.4752411729276202
2.3974951551431545, 1.5445784205487771, 0.05234366933237049
2.397074682059597, 1.5434307978399349, -1.5187647956090495
-2.315628910869557, -1.4619176606197932, 0.9055559302523313
-3.8868663053890304, -1.5983458875771934, 0.0519113596112666
-2.315668771388939, -1.4613216384324559, 2.4766814393481345
-0.7450361157337326, -1.59843008570248, -1.518853438012163
-0.744896230202899, -1.598678238992983, 1.6226373135268766
-2.314596599798341, -1.4614593424811853, -2.2359715645605616
-2.316191951688509, -1.4623869504887914, -2.236004350328442
-0.7450496342584427, -1.5985752264115094, 1.622377077394908
-0.74586783190341, 1.5426633572323187, 0.051336404213742234
0.8250438863052408, 1.6788631510428123, 2.475999631720584
2.3963079399684792, 1.543004284426694, 1.6226908549864192
-0.7454467915459642, -1.598636341278036, -1.5189704905466697
-0.7462815272503807, 1.5410322710411466, 3.1922930311077917
-0.7457443232297444, -1.5987238087520974, 0.05180860947439113
0.8263683166222605, -1.4614947217210719, 2.4766112275758045
0.8256795415010572, -1.4630161367530092, 0.9048362419764425
2.3966498576533333, 1.5441358189974914, 3.1940015932948693
-3.8869992693154702, -1.5989256362026671, -1.5199420116431541
0.8261173142192003, -1.4616698556772885, 0.9056644786411374
-2.316549218952196, -1.4624773023747364, 4.047109597371035
-2.3164352270763056, 1.678972476176737, 0.9056799838104477
2.3977843572044493, -1.5965811977116462, 0.052815823607247736
3.9679609557832762, 1.67949122296085, 0.9051056908241218
-2.316595981760705, -1.462986855841972, 2.4760152844860492
2.39560243730534, 1.541950610286363, -1.5194856058919293
2.396166699252411, -1.598973937569626, 1.622120974477764
-0.7451831947292802, 1.541414573169361, 1.6226405038864096
-2.316732873055128, 1.6788489860933837, -0.6655366457885808
-2.3148408847739095, -1.4613764853677123, 0.9062039069753547
0.8259357463474148, -1.4620240875884638, -2.236163379310626
2.3955517527727532, 1.5428824197131186, -3.0900505357057857
-2.3165214311389972, -1.463957239913482, 0.9044121898491008
0.8262807755545015, -1.4627585747298066, 0.9047940644760213
2.3963287956789783, -1.598183967972519, -1.5187668038304394
2.3960294976934438, 1.5425387541972613, -3.0902058909361205
0.8255048650583291, 1.6802580327211598, -0.6653128340245202
3.966422513819689, -1.4635887460074477, 2.4751853506336743
-0.7449379150437099, -1.5980423462579598, 0.05220229538725883
-2.3167518355028176, -1.4634247098875146, -0.6660419070903509
-2.3152958953655527, 1.6789522513054067, 2.4759135569680084
-0.7448721271847845, -1.5980667621613613, 0.05198345303917126
0.8266905275495614, -1.4624265169957047, 2.4758588135995137
-0.7441546624094977, 1.5445122526997568, 1.6229874955279022
2.3967676950957233, -1.5983295365430825, 0.05186001119742121
-2.3157361759249753, -1.463021469064494, -0.666350587930773
0.8254462793466804, 1.679332085703112, 0.9051250288046389
-0.7445886019967003, 1.543449698144086, 0.05172116859267606
0.8265339810395815, 1.6802648982824289, -0.6652332383046768
-2.315870199047703, 1.6797806638414796, 2.4765042028502124
-2.3149326116731532, 1.6806289919064579, 0.9057975245287546
-2.3164375680281792, -1.4641529835279616, 2.474985711591986
-2.314454825017387, -1.461046474942445, -2.2357541118833786
-0.7446261456729335, -1.5986536774824651, -3.090018531570284
-2.31592198160606, -4.604409395363677, 0.9054868147359574
-0.7398743446700431, 1.5512717350203473, 1.6270174200891045
-0.7458033284742145, 1.5419659474626362, 1.6218403731429567
-2.3170473350103595, 1.6782933508787825, 0.9050684836219564
-2.3149259032214786, 1.6806415203333223, -0.6650484345542531
-0.7460070845235012, 1.5421883118739586, 3.193076479396364
0.825978020800454, 1.6802228124663803, -0.6646369185490164
0.8264398515296532, -1.4608845341069001, -0.6650365855009622
3.967542157121814, -1.4624761755306734, 0.905431988191201
0.8255868893164169, -1.4619753286875576, -2.2361381480185307
-3.8859417225623525, -1.597972785059795, -1.5187665201981924
-2.3157796598300107, 1.6791285964594262, -0.6655820271621651
3.965427084486371, -1.4622190146591312, -2.2360742940619986
2.3959972308473128, 1.5435384800391603, 3.193486613651795
-2.316583425696093, -1.46227056557099, -2.2366131849000093
2.397868556326833, 1.5441876018803073, 1.6225269233534816
-3.8865654118717665, 1.5431191296579647, 1.6225314000305766
2.3958328783781875, 1.542924598316028, 0.051744533576170836
2.3969202408147647, -1.5977224383568716, -3.089357123544959
0.8250550286416181, -1.4640006553209606, 0.904646400762375
-0.7466666911813237, -1.6003571959063505, 0.05096537046460348
-2.3155783045821576, -1.4617876175682183, 0.9060174803642589
2.3954174418950878, 1.5419586171508772, -1.5195386603738588
-2.315822425107706, 1.6798688129172565, 0.9058352870653756
-2.316269372246835, 1.6787766118719303, 2.4762826458708225
0.8251740744966513, 1.6777992166379792, -2.2369691444021482
-0.7459070885863723, 1.5424685101330955, 1.6227897856565694
2.3982980397435787, 1.5445722487080857, -3.089516238618752
2.3976249803532936, 1.5444167110645892, 1.622894125589134
-2.3150596194588124, -1.460656045221095, -0.6647856984540826
0.827467343617887, 1.6797998767460967, 0.9052302089762028
0.8267158663696611, 1.6786698318278155, 0.9043758227921677
0.8254414570537122, -1.4625710701804868, -2.235952711166569
0.8253228507233314, -1.4629780870146785, 0.9050273882953809
-0.7444236183625614, -1.5992205026239845, 1.6226420109798079
-2.316453125060164, -1.4637424851128633, 2.4752326576063832
-2.3158509372886664, -1.4622875189821685, 0.9049870290174665
0.8259875033627364, 1.6798177892048858, 2.476436516889066
2.396929999373225, -1.598245151380388, -1.519038716893643
-2.3154908752128107, -1.4637408706167665, -0.6657336450594162
0.826358383861822, -1.4612745490205823, 2.476033474714715
2.3957608314258243, 1.5404179389949508, -1.519494902611807
2.396270511783326, -1.598650575849366, 1.6222571425645362
0.8262212919445292, 1.679719429703224, -0.665479244852456
0.8243662009247764, 1.677328602783829, 0.9037430211025694
-3.8867173106386916, -4.740436586744648, 1.622370300644286
-0.7454911376890772, -4.740559976625287, 1.621801094969861
3.9675769999437924, -1.4618255532903666, 0.9054787910867101
-3.887445239430835, 1.5423827187581272, -1.519172099720565
2.396709346559488, -1.5985752362345054, 0.051636719071278404
-2.31568644500421, 1.6775736298925799, -2.2363374164199588
0.8259969591234837, 1.678082442182868, 0.9046870977320829
-2.316121429150072, -1.4623237955573731, 2.475692001916039
0.826135767784147, 1.679091951473543, -2.2371409404296414
-0.7452678309483693, -1.5984692546708557, 3.19293485869573
0.8260202736749076, 1.678100547033993, -3.8077539946452656
3.95515349362758, 4.793426368043072, -0.6798316652728785
-0.7442026961036998, 1.5445533184151126, 3.1931691129384188
-2.3162582583319864, 1.6788847636377986, 0.9053911583384213
-2.3175864419729533, -1.4632011481508396, -2.2372695532919056
-2.3154655549732817, -1.461517989814095, 0.9061335094813169
0.8246234212869141, 1.6770395191935463, -0.6667302439457421
-0.7445303606082505, -1.5981204382430383, -1.5187871969308415
-0.7442607180969597, 1.5425819933942944, -1.5191902360223655
-0.7456302633813767, 1.5418413037177194, -1.5199594581329943
0.826677774798126, -1.462247479579383, -2.2365273477104295
-0.7449599448976245, -1.5993357139905655, -3.0896901470400793
0.8263515805558266, 1.6807300756373496, 2.477315377907863
-2.315678401917268, -1.4628908912447018, -2.2369012142480256
2.396598898415467, 1.5425313555056501, 3.192587667443036
0.825503190060571, 1.6798253979361248, -0.6650887158418247
0.8253071466444576, 1.6776051929625595, -2.236910735311417
0.8270383963973439, 1.6798187443934345, 0.9055548698330718
2.396049823359649, 1.5432090509945482, -3.0899427943623863
-2.315734863310953, -1.4622655706900516, 2.4760415562180906
0.8260389830855733, -1.462614235972474, -0.6654857501697554
2.3952909866133396, 1.541221583912831, 1.6216341634354587
3.9678754608974067, 1.6794192565684791, 2.4761353696668995
-3.8852221864414096, -1.5967755808161617, 0.052815069736576445
0.8256592270002217, -1.463037332723886, 0.9048824674086
0.8263407338914389, -1.4612087171130699, -2.235614874901471
2.3972044663865115, 1.5444118949074388, -1.5187118564719135
-2.316252601208721, -4.604938257830604, -2.2374744896599394
-0.7435906772115969, 1.54414844842324, 3.1937927250175857
-0.7440245191183472, 1.543727678618546, -1.518587655657152
-2.314834044509595, 1.6806507155211092, 0.9059344207943448
3.9674167668530305, -1.4622217232078725, 4.04698995263722
0.8259795792254755, 1.6782158187663898, -0.6657144049972101
-3.8876866534129113, -1.6002527046628154, 3.192383824019926
-2.3158172345464556, 1.6804955361232998, 0.9062959022129702
-0.7453188983911604, 1.54205932379216, -3.0900639021839424
0.8258497003442656, 1.6805246619858385, -2.235689586263769
3.9674312603405735, 1.6798595908603156, -2.2357517264619258
-0.7454664017671988, -1.5980650482930105, 0.052206453998104016
-0.7441563507931362, 1.5444839911260926, 1.6232871355755358
-0.7431061850021873, -1.5968996415559065, 0.05253550125663077
-2.315952708036307, 1.6791429592637686, -2.236088049877773
2.397570780963075, 4.686532795779425, 0.0522300984602835
-0.7454121945477495, -1.5979735862361228, 1.623112115917754
-0.7448456837054492, 1.5428992977904936, -1.5190426061498674
-2.3171368753937975, -1.4629734253025823, 0.9047414383157825
2.3958352733820174, -1.598284909621445, -3.0892281795604917
2.396269141208535, 1.5432446307334877, -1.5186861134911638
-2.3152064499885747, 1.680187959258651, 2.476240187987096
-0.7457636199412698, 1.5425936990971627, 1.6219354048523933
0.8256916595033507, 1.6786490609353653, -2.236025511686457
-2.3159463923309893, 1.6799929580127066, 2.476738439944742
0.8252799822325192, -1.4633079124901058, -2.236179130210736
-2.315318449730391, -1.4615410276156025, -0.6652219740061085
3.9676490467703514, -1.4623730964274118, -2.2359833493353922
-0.74525405234401, -1.5990316015248012, 1.6224571983372742
-0.7446599943420213, -1.5971794302038045, -1.5179603867634524
-0.7449503959911358, -1.5988397953613973, -1.5192165080414815
0.8260147369146879, 1.6793805902643522, -0.6642207807213318
-0.7443989425398136, -1.5982731227545948, -3.0899213756713673
-0.7449151758397843, -1.5999187902823777, -1.5196919133614908
0.8261288525371345, 1.6791913565868226, 2.475979197997966
-0.7450457857411071, 1.5426264001666157, -1.5194502650027097
-2.3147624754582217, 1.680418378746588, -0.6649750916487481
-0.7448612669285929, 1.5441238886632418, 0.05273848906884809
-2.314871730318801, 1.6787538470927432, 0.9050763018992143
-2.317027851266787, 1.6785420709960697, 2.4753771207715105
-0.7443186405560479, -1.597499861718884, -1.5186580262695737
-0.743855278377991, 1.5433979604061647, 1.622778028465853
2.3960408116315075, 1.5432151921579638, -1.5185997784578298
-0.7442454509045113, -1.598416985869801, 0.05171175490938871
0.8256087305144756, 1.6795704506965161, -2.236140218459209
2.396429122591941, -1.5979812207766593, 0.052077167203497234
-2.314842378979427, -1.4621402104721775, 0.9054151797697108
0.8264992870982103, -1.461689839815483, -0.6653937546178805
0.8257221802806359, -1.4616463698244597, -2.2360627595269165
2.3968163293260223, 1.5428532784068982, -3.0899347948883307
-2.3159430887767627, -1.4613513672910965, -0.6647675875995861
0.825015588469056, -1.4637936884796914, -2.23706722017274
0.8255605514567351, 1.679798248861513, 0.9058217720953664
0.8253776728598897, 1.6794443614620063, -0.6656317572917158
-2.3165324232839906, -1.4622830456203804, 2.4762479358252705
2.397263484535971, 1.5439121610582587, 3.1937977390480072
0.8259480862948022, -1.4617748503982395, 0.9054968567293111
0.827134643391132, -1.4616107024491987, -2.235374638936785
2.3961689240932684, 1.5428795452238333, 0.05172883169781506
2.3965664046688917, -1.598631937600262, -3.0900929711154084
2.39675583251635, -1.5984473196961069, 1.6223106310150275
-2.315611236514257, 1.679104340926512, -0.6657200477431577
3.9673098769112056, -1.462072638925338, -0.6656760442078833
-2.315697753169057, 1.6799896907684908, 2.4763739187594775
0.8269265407562602, 1.679732588279899, -2.2362317428354967
2.397243430292943, -1.5968672285414285, -1.518362949027702
2.397510669068934, 1.5451036255677095, 1.6240386482093685
0.8252229677783465, -1.4616406864337046, 0.9059616783234858
2.395066397986981, -1.6005329383497908, 0.05127218950382245
-0.7457976227921691, -1.5989582682090457, 1.6225597456810457
2.397451539761739, 1.54385002362866, -1.5179592917537337
2.396590056890327, 1.5438577519465122, 1.6229049121690136
-0.7441722907607237, 1.544093905763511, -3.089454554739828
-2.3157106814242034, 1.679690135403667, -2.236156054380373
2.397022778263022, -1.5982627573178847, -1.5187698830734215
-0.7441978229474607, 1.5439160296166126, 1.622797105242374
-2.3152770244526937, 1.6801233271144997, 2.476571312246959
-2.315558189578379, -1.4623116445719375, 0.9048294909754576
-2.316410164773429, -1.4627393707969485, 0.9053552135330211
-2.3161048488243603, 1.6796064075537496, 2.476295176443843
0.8255694381123536, 1.6789668184074622, -2.236564531337506
-0.7453345057907904, 1.5430660156885025, -1.5191435727935148
0.8263092223133223, -1.4616684263730992, 2.476449595200591
0.8256862092833046, 1.6789881803752846, -0.6660742974042153
-0.7460095250432407, 1.541099844421363, 1.621880431581163
0.8263832984722287, -1.461866175422431, -2.235942784922814
0.8250661064487447, -1.4626816468060164, -0.665570934476907
2.397171219875427, 1.5450102298584791, -1.5182001176324056
-2.3143877226689655, -1.4612441247251986, 2.4766408740294295
0.824527408735744, -1.4624250420072638, 2.47568984919155
-2.3163472744941482, -1.4631042574909168, -0.6658509157434027
-0.7441699558500704, -1.5987007754662326, -1.5192516971737262
0.825363360996917, 1.6779454184569929, 4.046535199667228
0.8252156819490858, -1.46162318290953, -3.8069097976292823
-2.3169052142867312, 1.6784772162029242, -2.2363984211344228
-0.7443610388949686, 1.5445477138865402, -3.0892771217189257
-2.31566979511405, 1.6795162314196765, -0.6653949307663013
2.3963992217432497, -1.598697899251415, 1.6226080153452065
0.826831669208177, -1.461423038039289, -0.665090197184286
2.397296808878611, 1.543582743349267, 3.193967396566827
0.8262508503660119, -1.4626802779942383, 0.9052281603593062
-0.7426654588467949, -1.5958107476855319, 1.6239992796353526
2.3965621377968964, 1.5436220734537316, -1.5182792001812082
0.8255546784206109, 1.6793024955278635, 2.475714734918389
2.395826944505581, -1.5986724571252584, 0.05219893546689843
-3.8868940523268125, 1.5436455492503034, 0.052303258240424845
2.3953328215321696, 1.5419881338476604, -3.0901874293646783
0.82576018314585, 1.6791344967029629, -0.6657331272822107
0.825455105634625, -1.4624215403370802, 0.9056650965350821
0.825714033355029, 1.679417844205708, -0.6657757280695721
0.8260856773069017, -1.4614992591442408, -0.6649411824162887
2.3961395917662593, -1.5988161918197308, 0.05158251838938265
-3.8861735188429027, -1.5986519253974647, 0.051957128555584535
-0.7444064682942452, 1.5438849627662372, -1.518861765197366
-2.3145777983483726, -1.4613777594260198, 0.9054699319302546
0.8249967235848438, 1.6782162686140913, -0.6661243595772969
-2.3168934643089427, 1.678922297628482, -2.2370721037206067
2.397327443344738, 1.543380959467981, -1.5186221129803066
-0.7432436526550048, 1.544394128059784, -1.5185958111613949
-0.7454583846436187, 1.5428986559049347, -3.0898322798693174
-2.3145449833210407, -1.4620841212963982, -2.2359269519918614
-0.7445650369519123, 1.5435056186079221, -1.5188077938807327
-2.3156412434988023, -1.4613578589107696, -0.6646133491758078
0.8247581873391556, 1.6791861508227879, 0.9055653352996822
-0.7455331237335344, -1.5984214146884184, -3.0896708294400734
-2.316186746245715, 1.6782514706726108, -2.236941468906611
-0.744992479188457, -1.597531659134768, 1.6229159126716521
-0.7440302567098885, -1.5985698429324697, -3.0896899068233403
-0.7443396919997336, -1.598464167755634, -1.519021180825424
3.9689836119802164, 1.6829819911655985, 2.4783543608091034
2.3963272415922208, -1.5977104779595876, 0.05268257179549266
-2.315882692852806, -1.4617141951243338, -0.6658082230391141
2.3966586460425767, 1.543523135436313, -3.0893238683711055
-2.3154263932538557, -1.4609055711121854, 0.9056169104292188
-2.3147098559250434, 1.6798519221411394, -0.6654092722935794
0.8259984755167594, 1.6803269349343388, 0.9059070729274302
-0.7429956309292721, 1.5456382088205676, 0.05292247141946909
0.82604791565885, 1.679927487873936, -0.665815086405183
0.8251053295541516, -1.462356137319093, -2.236185260670885
2.395956978655332, -1.5989208821815921, 1.622639189179413
-2.315086054629812, -1.46189163945229, -2.2362094685808014
-2.315649776170729, 1.6787147129576248, -2.2362480045327873
-2.316424832827346, 1.6771058148409879, 2.47497961669337
0.8264178730353056, -1.4629846039307117, 0.9048230733950766
-2.316232952449399, -4.603884656791234, 0.9061317199643385
0.8253667089610707, -1.4620974824304553, 0.9055786048251443
-0.745296575715004, -1.59870639021155, 3.193534595212195
-3.8866953879846537, 1.5437874223858192, 0.05262364191777574
2.3981140248028927, 4.68727797356498, 1.623445470502796
2.397877669041735, 1.5450023042643022, 3.1941087304670788
0.8254100171620393, -1.4629739950323157, -2.2366631484030597
-2.3155600866657275, 1.6799133007368383, -2.2359932995329785
2.396579960584827, 1.5425957084643678, -1.5193680956483424
-2.315691851033092, 1.679601696402572, -0.6655131127767595
2.396229043923198, 1.5425816663809035, 1.6224371713715187
3.967728116108455, -1.461336156288639, 2.476619554366586
2.3976097913040366, 4.687075063036723, 1.6240127305582477
-0.7447098017190525, 1.5440901478961693, 0.05203527674084654
0.8265341140600367, 1.6807557574972516, -0.6646655767675598
3.9682190094154937, -1.4614501857776978, -0.6653097029940181
-0.7453506206388508, 1.5435119150190917, -1.5191697772606776
2.3968141919924353, 1.5428244739922081, 3.1931829885956216
-0.7443278060778518, 1.541873093576939, 0.05097006128898593
2.3961722627393525, 1.5426020720379647, 3.1934512557014125
0.8257830884001914, -1.4621730165762787, 2.4761512121950697
-0.7443029727748016, 1.543908855365244, 1.6223530433188302
-0.7463019979326139, -4.741822497352179, 0.051041350240310666
0.8268580430182053, 1.6793030348384805, -0.6652888921146418
-2.314001549410865, -1.4610460239784677, 2.477396017892082
-2.316121895409342, 1.6793190496566668, 0.9051238793785479
0.8258036336222615, -1.4611964783277507, -0.664492884715847
-0.7441796872711113, -1.597416319414334, 0.05294177240301946
0.8252078230139333, -1.4631559210215945, -0.6655928459693041
2.3975525429562734, -1.5969947611148312, 0.05247324259742706
-2.315268515579217, -1.4620360756465942, -3.806730531990115
-0.7446735729387668, 1.543703470450175, 1.6229218938119059
3.96712481686123, 1.6792691079873296, -0.6655429899623143
-0.7426966788680587, 1.5461939509367482, 0.05379677513647896
-0.7456339085594008, 1.5419878695363685, 0.051115545371212746
-0.7440857177133775, 1.544850210885545, -3.0886082823872787
0.8266716195397357, 1.6802670434391305, -2.2358455589706807
-0.7444409409456736, -1.5981848868311284, 1.6229648015429161
-0.7453360039871082, 1.5428496149844397, 3.1934673621919023
-0.7447444725255147, 1.5437292793509343, 0.051908444221644534
-2.3157120471060364, -1.4623303123793974, 2.4759604520857597
2.3958561131083327, -1.598617792031961, 3.1930760457105265
2.3963749411397286, 1.5426275390524713, 3.19297210177508
3.9674740154486954, 1.6794086596360343, -2.236442226489737
-0.7449414460993488, 1.5431540346190007, -3.0895008846121454
0.8253979462510164, -1.463302440736814, -0.6661178332759379
2.3953846371270147, 1.540752126362863, 3.191902150084178
0.8248085835450217, -1.4622475980115421, 2.476134795428075
-0.7446109434959567, -1.5984791688438267, 0.051412243339144216
2.395348781640682, 1.5417425921931616, 0.050634476258846386
0.8251873762759295, 1.6792007121756634, -2.2362482503448935
0.8266633910559794, 1.679333394836916, -2.236424683480782
0.8257274115469154, -1.461872724574312, -2.235704975274367
2.3972794570977185, -1.5982478296892493, -1.5189443698711984
0.8268065897169962, -1.460381237093608, -2.2358784487473504
-2.31590074749912, 1.6797259590630518, 0.9053777142109096
0.825866664684806, 1.6807448567213812, 2.477215426611209
2.3958819285298776, -1.5991954108231823, -1.5190920065163307
-0.7451963170143288, 1.543545543535807, 0.05240095753460263
0.8251945797051038, -1.4629198666663543, 0.9049840606125626
-2.316437057563507, 1.6798184213002647, 0.9055320472318942
-0.7453248547739774, -1.5976620572613005, 0.052156832492356975
-2.31578270339145, -1.4622844421788168, -0.6658259138575026
2.396793750665487, 1.5431401524577053, -1.5186544856304018
0.8266649761233952, -1.4616555022811402, 0.9057896814462794
0.8255730333024314, -1.4614732281046514, -0.6651271749815268
-2.315772200097038, 1.6804831320686222, 0.9057324947088532
-2.3140538213816204, -1.459614325493987, -2.235174300148218
0.825082135909741, 1.6785384190179016, -0.665613693049896
0.8256433107461858, -1.4627381686536591, 2.475370409900532
-0.7439817448492198, 1.5443889842268375, 1.622988862945041
2.3963116553401704, -1.5993413331847774, 0.05180145927847093
2.3964294988084243, 1.541973139346634, 3.19256177995755
0.8263454729257794, 1.6794160849154687, -0.665750516369598
-2.3154245145788646, -1.4619580290041778, 0.9049972550106332
2.396781866366118, 1.5428847643610797, 1.6230854953387264
2.39620253772666, 1.5420676978113503, 1.6226639598732793
-2.315489652141631, -1.4624003882544119, -2.2360864324545817
2.3970749429308027, -1.5973349271813735, -1.5184962432363112
-2.315767366942045, -1.461141236586877, -2.235977199710345
2.3964461927414704, 1.5427664658266587, 0.051706382600274194
3.9678567066006134, -1.4619571987001665, 2.4762852904468446
0.8252384706014072, 1.6786108069224173, 0.9049551205218438
2.397295767694358, 1.5433391204294067, -1.5183072053396913
-2.315420268958836, 1.6796067265435457, 0.9053480264597099
0.8259464579545136, 1.6794608820422794, -0.6656173520788741
0.8260776333515705, 1.679269066142666, 0.9051023930304263
-2.315821120001463, -1.4619416531333076, 0.905469252620478
-0.7452437081750034, 1.5424093060212816, 0.05096546681663244
-0.7429084691966824, -1.5976257522739008, 1.6229942483583892
-0.7444812690890785, -1.5979732488406981, -1.5181876742951719
-2.3154024386552146, 1.6809622669051565, -0.6640124336745113
-2.314764923815255, -1.4602811064758434, 2.477326544958366
-0.7449250925119439, 1.5430461321613775, 3.193345166756596
-0.7452902467853656, -1.5981698353834608, 0.051949385914765445
0.826493166516254, -1.4620438388956938, 0.9059104709559368
0.826153854303317, 1.6813117021019894, 0.9061559395270734
2.3959663641495337, -1.5977862873805093, 1.6225193576873176
-0.7452823594395798, 1.5432136750085341, 3.1933129640638276
-0.7449285170930565, 1.5440710513023066, 1.6231752183066244
0.8260443839480358, 1.67900914864607, 0.905628309497489
0.8254055477990968, 1.679103392919738, -0.6659568904792653
-2.315080135114088, -1.4616177139180415, 0.9058168193176099
-0.7450868552213529, 1.5424416330497017, 1.6218284921645436
2.397814681402695, 1.5452470107077125, 3.1937342874714774
3.967252215653727, -1.4623569312166262, 0.9054070406113456
0.8250831116532945, -1.4627302530997826, -2.2362006038114264
3.9685834351521345, -1.4606415504133274, -2.235715347366051
0.8256124078146033, 1.6786170658453199, 0.9049632653269122
2.396619690938552, 1.5426026520293017, -1.5196493413483074
0.8252168609289768, 1.6784703360118642, 0.9049409258190709
0.8258259204950436, 1.6801455412953379, 0.9055739457575731
-0.7463807771838509, -1.5985908481354676, 0.05186470696679672
2.3968990981836353, -1.5979213567962118, 1.623166920275286
-0.7459664057487503, -1.6000836661299356, 1.6218891621519187
2.397768885163619, 1.5440480671224033, -3.0892801863387014
-2.3156696331001396, -4.603491132845083, -0.6652824111579674
0.8258056597293021, 1.6804238807591578, -2.235796223724757
0.8251161497205499, 1.6782018479176457, -2.2362145287765536
-3.8874422808501206, -4.741105089820691, 1.621876589188539
-2.316456349935631, 1.6776435183694474, 2.476221025830756
0.8251948719280591, 1.678998287419348, -0.6657132395750313
0.8258257650641548, -1.462022322559323, -0.6651879327696364
-2.3163135770964995, 1.6794705586967529, -2.2361578825674173
-2.3158562527893305, 1.6776798255885839, -0.6665466104553001
-2.3160532948536128, -1.4626629144362322, -0.6657270708357313
2.396091408084089, -1.5998038102756715, 0.05118901395684837
-0.7452420418386815, -1.5983320189918893, -1.519223404065082
2.395465113396125, 1.5413247317132184, 0.050706524766365974
-0.7447696508463383, -1.598542013224106, 3.1931427698338744
0.8252550077201485, 1.6784094072633937, 0.9050813108526087
0.8255341182520524, -1.4618386401531063, -2.2361143686504112
-0.744887353773701, -1.599018604123412, 3.1930016679440896
0.8261143837823459, 1.6790426243362973, -0.6659176457284388
0.8261900888837229, 1.6793151540209283, -2.235932877489739
-2.3163757565693976, 1.6784757681905906, -0.6660093502566733
-0.7458968058476199, 1.541512022824669, 0.051626262681579736
-2.315667449758456, -1.4628725593524405, -3.8071503159179487
-0.7460593424696884, -1.6001101573188448, 0.05138384470931603
-2.3149577816097127, -1.4610365966803553, -0.6645370545118254
-2.316048758525972, 1.6793641191749697, -0.6651992110474778
-0.7450843594116766, -1.5993342616551665, 0.051191067925268216
0.8267790939428822, 1.6814972496119636, 2.4775541401170056
-0.7455593379436289, 1.5427088411993053, 1.6225025979633698
2.397091236348078, 1.5436328952696472, 1.6226109252341248
0.8261884392183327, -1.462407444096473, 2.476366897823905
2.395596548206117, 1.5415970740037865, 0.05106459182932095
0.8254702044455392, -1.4631303945359577, 4.046318503800895
2.3970887874109583, -1.5980894186490093, -1.5193469666334605
2.396369085229436, 1.5432737517474804, 1.623011740792418
0.8262848158294592, -1.4615887203189561, -2.2359914815878903
-0.7454526012248611, 1.5431032014376858, 1.6227275540915445
-2.3165023101276914, 1.6782933199225694, -2.2361851092020224
2.3939599546474857, 1.5402306918542052, -1.5195970605506708
-3.8874384809658418, 1.5425696558944908, 1.6225385647545538
-3.8876972631561926, -1.6010507660668092, 1.6212558343619425
-0.7443199288614729, 1.5435131958367685, 1.622292693466714
-2.3144563121344843, -1.4592396432712695, 2.4779244469708286
0.8267388369798842, 1.6808752624019092, 0.9059956195988128
-0.744765544671942, -1.5982103735065605, 0.05183550652803152
-3.8865492215476944, -1.5981034977597812, 1.6227366570370012
-2.3160753305199386, 1.6788744652253869, -3.8070336576041885
0.8263134952351782, 1.6811645906370156, 0.9062925524349007
-0.7454058791935003, -1.5994566867342133, 1.621938310535426
0.8250942600559632, 1.6786476680312992, -2.2365040425661276
-3.88705950240562, -4.740536351933218, 0.05112368989109771
-0.7458890182767097, -1.599755114791983, -3.0904188147845737
-2.315504004207233, 4.821553349313816, 0.9056540417518304
-0.7445108585778482, -1.5976521049402572, -3.08923058246673
2.396743873850697, -1.5982329331773315, 0.05165054907087864
0.8260412973635668, -4.603919273507246, -2.23611988173951
0.8267742312644868, 1.6813328010986897, 0.9063001702116359
2.396326256414719, -1.5983496261601564, -1.5187704055409164
-2.315830564815124, -1.4622981613998045, 2.476137626727537
0.8268211963826242, -4.6042114811858506, 0.9049591970274844
-0.7449877788390937, 4.684174802434493, 1.622119833199478
2.395808938524353, 1.5413813950922335, 1.6220904856384375
2.3961001946982066, -1.5991649874960085, 3.192946525730385
2.396369655738267, 1.5430536598174067, -3.0898877788926637
0.8264701702015363, 1.6796351462446746, -0.6650574124127645
0.8262307972504246, 1.680202789880447, -0.6651841894005399
2.3973377435030074, 1.5441053256865027, 0.05202184933178139
-2.315176672296594, -1.4618022800610566, -0.6656288791368932
-0.744279761838195, -1.597226986460388, 0.052205768444796095
2.3959781186560134, 1.5424965973270668, 0.05150726197927242
-0.7458924913149217, 1.5417498133795349, 1.6218196627853516
-0.7453917479680051, 1.5438602576702125, -1.5182438467645205
0.8259530065791899, -1.4620676497036535, -0.6653690984855595
-0.7458581968495537, -1.5998024120822525, 1.621981552876579
2.3960865266556843, 1.542432058317332, 1.6224335508022767
0.8251587930690489, -1.4634587027806996, -2.236954804586038
-2.315787161225347, 1.6798087287691277, 2.476486919278277
0.8261552859457091, -1.461513286323785, 0.9052312838750509
-2.3157007668343637, -1.4626279952213137, 4.0469258170684395
-0.7451592647726963, -1.598780308193582, 1.6225364648877136
3.967964464065455, 1.6802861007168264, -0.6648275806265689
0.8262929950099046, 1.6794754782552672, 0.9052295910588486
2.397194263420891, 1.5442116961255945, 0.052420520477710585
-2.3137218500922847, 1.6816912067919083, 2.4772230444399472
-0.7457623862070396, 1.5418363132833721, 0.05152086664976995
-2.3152332210816895, 1.6798718581810343, -0.6652679797559571
-2.3156986526953998, -1.46181052670561, -2.236862369021029
-3.885751700391835, 1.5449314771053728, 1.624026164754652
2.3972520102131747, 1.5438639505254994, 3.1936228573923935
2.3969948823084146, -1.5988056375046982, -3.08971558711281
-0.7435600186720088, 1.5455142251790202, 0.05279478583731808
0.8255237018360326, 1.6792526489678257, -0.6654457624872104
-0.745181557799679, 4.684637030483661, 1.6225795864533885
-2.3153499645734197, 1.679442259909748, 2.4760388252269894
-0.7450939603394956, 1.5438428689907095, 3.1939676362138685
0.8266282649887173, -1.460598543105305, -0.6653843187537801
-0.7440388732483755, -1.5972512250495543, -3.0895431643122206
-0.7450033891785229, -1.5986252119578173, 3.1934591502133616
-0.7446551534404335, -1.5979820174675223, 1.6227634633984658
0.8254887071608038, 1.679199616671392, 0.9056373021105123
-2.3160608072391837, -1.461454306875335, -2.2355579427103054
0.8265119295955555, 1.6792566622134846, -0.6652276709272982
-2.3153544565894886, -1.462028388206938, 0.9058203404664312
0.8256952482792576, 1.6792912323056173, -2.236238082616923
2.3950302871056195, -1.5973796370305586, 3.195110552595929
-3.8859419677075198, 1.5438245330779463, -3.0892672796509726
-0.7448484621823871, -4.739654552704185, 1.6227958441234778
0.8258209220122558, -1.4619505560994848, -0.6654964924178507
0.8255156897796602, -1.4615085429103591, 2.476364147379967
0.8264814824789566, 1.6790731243100172, 0.904917320750145
-0.7457636882936436, -1.6001443206714387, 1.6218812602424544
2.3973639595412815, 1.5439723047630312, -1.5187011112450617
0.825462318727576, -1.4630362311956606, 2.47553818283296
0.8271295128832615, -1.4611306749811692, -2.2354194442762316
-0.7437289002741427, -1.5980879692756118, 1.6224391444904949
-2.3149128260254876, 1.6797088387109078, -0.664493689754471
-2.3156076172065725, -1.4622914825173745, 0.9054637555555874
-0.7466194075026001, 1.5410092355112646, -1.5198781074423713
-0.7451233473057206, 1.5433389380413627, 0.052019332624265564
0.826510258531796, 1.6795738778133154, 0.9054909803333251
2.3964192684081413, -1.5982677162184111, -3.089533189106938
-2.314286383258618, -1.4616219461940991, 0.9059155555777233
0.8257019824391602, -1.4628194256444618, -2.2365170415216795
0.826956580824614, 1.6788706110651177, -0.6658067032737639
-2.3168768719778523, 1.6783529475359125, -2.236628104566815
0.8267346755866154, -1.459983735963808, -2.235056036975949
-0.7453481424212102, 1.5437430288005265, -3.0893298721582734
-2.3155821372314667, -1.4620384165978515, 2.4761647415866817
-0.7442782628702268, -1.5966686286139762, -1.5181940680138664
2.396420662220842, 1.5438754049447965, 0.05235902071732986
2.3954717088501942, 1.5416048983711372, -3.09044388035494
0.8264681168533763, 1.6807087945792332, -2.2362825867994136
2.397520646347579, -1.5981654765211455, -3.089665159163017
-0.743692723579041, 1.5438965086473735, 0.05206562020066086
-3.8852558363638683, -1.5979934727705145, -1.5193623187850334
0.8252845737967905, -1.4631122431305303, 2.475180576114052
-2.3172939437910616, -1.462699433094251, 2.4753430271434036
2.396362002380675, -1.5994135828222376, 1.6215812628819153
2.3979499676925715, -1.5984107567792218, 3.193693191153541
0.825185353248668, -1.4630643813567146, -2.236905611705914
0.8252406697703275, 1.6791062820584814, 0.9051821328603992
-2.31551725489018, -1.462250947403838, 2.476252750230349
0.8257377061292112, -1.4623768912990507, 2.475982634697048
2.3968162806858087, 1.5428526998435026, -1.5193772697445946
0.82562480854586, 1.6786038510565444, 0.905450207689986
-0.7441886054912445, -1.597443129134362, -1.518414344114076
0.8250798422752348, -1.463140866579147, -0.6659869369319678
0.8254499950203452, -1.4635666398526823, 0.9044589633005472
-2.3152493584401586, 1.6806219954065655, -2.235992175894552
-0.7453187996737476, 1.5412588302027175, -1.520492626272364
0.8266308788277827, 1.681102631670126, 2.4765860137718816
-2.3179242305943863, -4.605091556060852, -0.6661079205101225
2.3975243817672016, 1.5440904520311465, 0.05246673983052429
2.395568501866079, 1.5419897194164933, 3.1935030560193174
2.3959006608946294, -1.5979165144384815, -1.5186851673107082
0.8264423516265367, 1.6806480936867532, 2.4767275733566
-2.316191278210319, -1.4629305112172475, 0.9048265939415161
0.8251259335901336, -1.4631801680874414, 0.904795315524275
-0.7454102972898531, -1.5978029550217847, 1.6231002279198303
2.3971713632858322, -1.5983716377804462, 0.05151882356035198
0.8266517089963884, -1.4614767965083422, 0.9057106758622301
-2.3164634092855496, -1.4616963829433989, 0.9054968112091549
2.3964061792485953, 1.5425366017502584, 0.0515452613877021
-2.3168321340540925, 1.6798382050563045, 0.9050273720405745
-0.7436022399308144, -1.5978344358936234, -1.51883814776036
-0.7446928123056218, -1.59863512126019, 1.6227148541503564
-2.3165115641933722, 1.6787157626681846, 0.9048073850372709
-0.7445001214616991, -1.5980927898848765, -3.090061303390499
-0.744721562174806, 1.5433172146909278, 0.052075014011637145
0.8256334548386062, -1.4618782032760345, 2.47609599587399
-2.316547434164841, 1.6785191214776152, 0.9050810108811295
0.8260488235205331, 1.6791697892985595, 2.475955322875545
0.8264270266255194, 1.6791006896416532, -0.6658934695314231
-3.887325494075281, 1.5420795610769724, -3.0901590288914296
-2.315241913717362, -1.4613624630620843, -2.2358969885319593
2.396923605337558, -1.5970334216820348, 0.05239775457928614
-0.7453757797413337, 1.5425362491768173, 1.6224125255425805
-0.7449906704492223, 1.5439650076143234, 1.6232986775874323
0.8260049985320042, -1.4617561923061964, 0.9054728535634812
-3.886565288481349, -4.739987217840956, 0.05166909521920581
-2.3146816159337686, -1.461252566526194, -2.2356477438348175
-0.7442539316978739, 1.544075861365525, 3.1934687148665253
2.396158425824181, 1.542664070308041, -1.519382253978661
-0.7437479619470471, -1.5974691455444006, -1.5185625327245313
-2.3145811292541523, 1.6795293997786092, 0.9054051551787557
3.96770071525813, 1.679595959963695, 0.9051972075323373
-0.7454669264277912, 1.5416716442112586, 0.05094551089227856
-2.316452902253694, -1.4593286861078365, -0.6641570587556346
2.3964582848021827, 1.5434023156435464, 1.622935278095942
-2.3152212150025937, -1.4623235006120998, -0.6656818663316324
0.825797108397838, 1.6784328208768315, -3.807408947422599
-2.315398784914958, -1.4622144445110785, 0.9053472049022497
0.8254052672971915, 1.678028496846606, 4.046645698859983
-2.3148350357037115, 1.6806573853901376, 2.4769560590517616
-0.7449437168117088, -1.6000978242207102, 0.05042291476422435
0.8260108862922124, 1.6786671609210604, 0.9049690290307747
0.8260721681583674, -1.4607923676217056, -3.806274347776521
3.9678385735091184, -1.461562047364886, -2.236380805646648
0.8261898121113969, -1.4616176219043553, -0.6649722429951557
0.8267644590238019, -1.460817797409791, -0.6645727097809584
0.8252690348597232, 1.6785290046748633, -0.6659499569898851
-2.314392210942646, 1.6800548061106224, -2.2359406102205432
-0.7455607134117289, -1.5980119869138187, 0.05161743917230713
2.3970314990429884, -1.5982820603674481, -3.0901333232429864
0.8258044379073239, 1.678208438385629, 0.9042469043459253
-0.7449279984116662, -1.5968276886737072, -3.088999757102555
0.8253949532946114, -1.4631661861855756, 0.9047559036218469
-2.3166343801865565, -1.4635401891352777, 0.9045887496290389
-2.316146480853867, -1.4616853186432996, 2.4764169098946858
0.825776738771506, 1.679505353058778, -0.6654001560417238
2.396740129691657, 1.5426567062428802, 3.192433261915093
-0.744649696135153, 1.5440881421728305, -1.5188617452668842
-2.314668092619944, 1.681631580248957, 0.9061814231155517
-2.3169276982072216, 1.680042900624756, -2.235225799479252
-0.7444971584021054, 1.5434116058502334, -1.5193227891269365
-3.8872021249807136, -1.5994375950493671, 1.6221436782181615
0.8263969653707364, 1.6794566759877787, 2.4758119072267735
2.397130907782194, -1.5978147862024523, 0.05180881121684713
-2.3162870477226387, -1.4631899385518117, 0.9052301190719302
0.8242841229903093, -1.464720531322669, 2.474948305121787
0.8261212498088726, -1.4629511647431428, 2.4755131829588986
-2.3149903887693957, -1.4614460526125184, 2.4767097871227874
-0.7446781675751005, -1.5979297999706372, 3.1935895320791516
-0.7445581977501378, 1.542926799477534, 1.622646198788082
2.395836602481565, 1.5413341525441413, -1.5199025983988015
-0.7443303131132898, -1.5990278124640889, -1.5198320989493812
-0.7444894441565157, 1.5431300405533643, 1.6223964258418206
2.396488395652128, -1.5980450424389032, 1.6226675102942991
0.8250030960764314, -1.4646145920778273, 0.9039247719170432
3.9673166474379498, -1.4631661000343623, 2.4752491774249656
-2.3154019215961466, 1.6791839835052782, -0.6654964513769025
-2.315190934145899, 1.6798702846705704, -0.6651437503199847
-0.7452700387268518, -1.5989731648573278, 1.622560642440878
-0.7462670855697706, -1.5996011183934604, 0.051395850968190306
-0.7443795035818087, 1.542626170749117, 0.051403090709481826
0.8253679664169911, -1.463330082387893, 0.9051427141097168
-2.3156604365316156, 1.6797722989207646, 0.9053778174507334
2.397253867459225, 1.5427988281626033, 1.6223027220568826
0.8265483458550668, -1.462390411526357, -0.665229972252111
0.8252031080492359, -1.4627085246527838, -0.6655297986153379
0.82590865874262, 1.6787960982615653, -2.236608592933993
0.8261812742339018, -1.4628316439649838, 0.9052253642319067
2.396378395627277, -1.5990345592191215, -1.5193470291803006
-2.3156769743333174, 1.6787068703659522, 0.9047301033012534
-2.31498089373089, 1.6797483819622696, -0.665339956429343
0.8263830982421932, -1.4610953379914422, 4.047899414744521
0.8253999466296148, -1.4630915310185113, -0.6662142355191972
-2.3158716047122536, -1.4634308486893022, -0.6661565942391177
0.825999783079685, -1.4617153213572573, 2.4765744982280973
0.8259221336316227, -1.4620476390172537, 0.9050642816741546
2.3963504614209232, 1.5420404405716488, -1.5196055818405954
0.8265183601423232, 1.6826352137464893, 0.9068592201203453
-0.745617712160858, -1.5984876686672045, 0.05187592720312881
0.8257750317235673, -1.4629360131950468, 0.9047204713009679
2.3973303769786076, 1.5438698281220444, -3.089369068027791
-0.7440337774219244, -1.5975965953684235, 3.1937393506844685
0.8249484850907558, -1.4625955729807363, -2.236208920541834
3.967261132705882, 1.6784336391603878, -0.6656569827656553
0.8265717903331433, -1.4601731088163297, 0.9065901269060255
-0.7450620505862772, -1.597643650391703, -1.5185617677801493
0.8265048445793349, -1.4601385810888183, -2.234869591435687
-3.887017623882399, -1.598902973739465, 0.05236335767499266
0.825481326414543, -1.463202823394726, 0.9049836414604592
2.396153855082737, 1.5414719654969309, 1.6213137821124262
-2.3155416319400595, -1.463134678866831, -2.236143183731185
0.8252771680066889, -1.4631079349130476, -0.6658459492565272
-0.7451042156253846, -1.5983689370412826, 1.6227418267579599
-2.3153829841980733, -4.604707687023436, 2.475628367359874
0.8258892978435409, 1.6809540502203828, 2.476742439879172
0.8265750825859466, 1.6797096718174684, -2.236199718380329
-0.7451640529107044, 1.542818732773611, -1.5191834782458893
2.3967032466342544, -1.5990934841580147, 3.192712047468922
0.8272213100588212, -1.4607064008054191, -0.6649344898623244
3.96772012520371, 1.6789138969090158, -2.2369529227673994
0.8251200958880132, 1.6784812109118405, -2.2371662255856983
-0.7448481945656809, 1.5437306618348023, -3.089708556024589
2.395504442475273, 1.5418248000657566, 0.05111756441196668
-0.745224641874399, -1.598747453430598, 1.6226106237019744
0.8248409557118894, 1.6792811137923522, -2.235976319066751
0.8259834698045242, -1.4628430376559143, -2.2367450380105702
-3.8868105238986503, -1.5993031575010197, 0.050983527250190445
-2.3160924972114376, 1.6788761095670104, -0.6658177037662895
2.3973412074212477, 1.5436374859969302, 1.6226769180213818
-3.888208747083459, -1.600399143522933, 1.621394304580626
-2.315881266904055, 1.678589287307204, 2.4758815208468823
-2.3157154758309852, 1.6797425752209185, -2.236308165242525
-2.316466958125266, -1.4637379615336188, -0.6657475010966353
0.8255047683499047, -1.4631648720879002, -0.6658377569433047
0.8264550852127932, 1.679904616531762, 0.9056281417479017
0.8262911833632058, 1.6804903044893615, -2.2358232593582756
-0.7445521284951816, 1.544905711921766, -1.5183359542921668
2.396298590108355, 1.5422854058183855, 3.1930400340076845
-3.886980263096987, 1.5426785845975661, 1.622999019543159
0.8255069863769104, 1.6779735140949716, 2.4756038442107315
-0.7454876032794329, -1.5993156090458152, 0.05132221821724889
0.8259017346655475, 1.6801158001150747, 0.9060889741644026
-2.3159487577751285, 1.6789694075029535, 0.9049347404789201
-2.3152556266939017, 1.679991748229385, 2.4764049962045087
-0.7428969125690448, -1.5947142700457928, 1.6242303440673973
-2.3161075738810473, 1.6789293618073593, -0.6656997775041489
-0.7447037815582497, -1.5981965691149458, -1.5192395259793645
-0.7457009546328854, -1.5977467739188282, 0.052222010592952214
2.3963605896115374, 1.543439392625963, 0.05172845686258126
-2.316157846672265, 1.6782582572754596, -3.8074083537921375
-0.7446622813148979, 1.5438836395528583, -3.088878543575341
-2.3161005238487316, 1.67861825954911, -2.23655151367902
3.9679338684862073, 1.6812566294835583, -2.2352413710868166
-0.7448817757008604, -1.5993109083968229, -1.5190972349198155
0.8257496032901278, 1.6786535379558987, -2.236760087401229
2.39608866593848, 1.5421959672572774, -1.5194343369520709
3.966986333675587, -1.4636633345406818, 0.904707955279538
-0.7448035002911986, 1.5434118035247795, 1.6229287019445384
2.396033924012325, -1.599068039321268, 0.051642439699131404
0.8249082404602962, -1.4629025386476655, 2.4755970750759317
-3.8866181757373264, 1.5432686545530936, -3.089697764418353
0.8261612495458879, 1.6805079995973324, -0.6647673768636903
-3.8866981840132238, -1.5998061631176599, -1.519860473660542
-0.7460126226364938, -1.5990224826966983, -3.0899625905471244
-0.7461212040775513, -1.6001365947835677, 1.6216694948976567
-0.745333893414044, 1.5431206523991303, -1.5189080889616144
0.8255932698634814, 1.6786809107085265, -0.6657971184320232
-3.886297604704549, -4.740302816667796, -3.0902220018598148
2.395955218334215, -1.5983151478940039, 3.1935616737472743
-0.7455527870450553, 1.543045798706404, 0.051618319950557524
0.8256621231235208, 1.6790590161459966, 4.046726784515921
0.8254949591445948, 1.677662840473897, 0.9046598091129613
0.8257142182409799, -1.4621585449820935, -2.236306997202466
0.8262162036165613, -1.462131550700287, -3.807216780682577
2.396561399535719, 1.5425175306634118, -3.090047507691471
-2.3147473558633638, -1.4619938176610585, 0.905397503539749
2.397171327512776, -1.5980175551765774, 1.621744507978251
0.8251948739301888, 1.6801883648423626, -2.2361289817823717
-3.886921331983314, -1.5997631197152726, 3.1926215906691993
-2.3147139034676587, -1.4598618126781908, 0.9075036198066219
0.8272219692622077, -1.46158035459584, -0.6651844936279732
-2.316116612020861, 1.6791386670126385, -0.6663580992307625
2.3970075049537893, -1.5984576677904678, 0.05182149114753428
0.8253301094015614, 1.6788294282036975, -0.6657535310336952
2.396963143071662, -1.597812714433419, 0.051949991860447874
-0.7454394122227305, 1.5434656201123396, 1.6227373867867745
-0.7452384383579774, 1.5435018661564128, 0.05209354559634728
2.396144101062479, 1.5423516204924297, 1.6223364964281852
2.3962608491251034, 1.543232673708867, -1.519171312781429
2.3961974455535215, 1.5428478721801697, -1.5193785353361229
-0.744450437919978, -1.5980086878172337, 0.05215903680857583
2.396612747906404, -1.5986565881121866, 0.05167133467234376
0.8258742263184289, -1.462469834936187, -2.236266648418679
2.3968749197191523, 1.5429652781516416, 3.1934983737261358
0.8264182144381707, 1.6788312324935966, 2.4761303152470213
-2.316869132279703, 1.6790985343094045, -0.6658738339048426
-2.3148023204035133, -1.4618313897912032, 2.476375224630435
-2.3156032023710833, 1.679502310757562, 0.90517014417528
0.8257219736526341, 1.6800247286225674, 0.905497132655787
0.8253521598206249, -1.4635574099499697, -0.6662592288231631
0.8268478898735835, -1.4622828196592972, 0.9051084369291765
-2.315530904076229, -1.462255696681248, 0.9050831084616369
-0.7439823435797782, -1.5974627074594134, -3.089008656445301
2.397016364571238, -1.5987267369195588, 3.1935884566539214
3.9662875425326356, 1.6775795839086578, -0.6658089876414792
2.3960271584297, 1.541998025537928, 3.192623172599392
-2.315414403092453, -1.4620499799892235, 0.9056832054161768
-0.7448367083666396, 1.543789969455061, 0.052267962152585196
-2.3152293880733708, 1.6797494627658982, 2.4763692704652773
2.3963735947750844, 1.5419927277607026, 3.1927508419763804
3.968443234276872, -1.4613733188013605, -0.6651633523313847
-0.7454037424445668, -1.59966336491545, -1.5196216967788434
2.3977773462404453, -1.5972636548450028, -1.5181931972302887
0.8245475266141783, -1.4649694380530411, -2.237404648174377
-2.3152423758437437, -1.4621957801583843, -0.6650753896384921
-0.7441030609772091, -1.597618934615483, -3.0894002894018744
-2.3157535121774986, 1.6798469288884066, 0.9055840816799603
2.396634158126033, -1.5981992499293367, 1.6225147031264815
0.8258570272979532, -1.4622627276404172, -2.236152470136852
2.397135917558776, 1.5435634600304267, -1.5191654132147379
2.3964488412757388, -1.59925530639727, -3.090380960883597
3.9684146424369318, 1.6823470667573206, -2.2349524596876984
2.396906007254416, -1.5991714816998575, 1.6223302079188637
0.8258460041147848, 1.6781764459237891, 2.4759696491416743
3.9682722038404066, -1.4624730666213834, -0.6657416756532594
0.8255142538905109, 1.6796931201119112, 0.9056118195609804
-2.3166118561898013, -1.4616704589371938, -2.2362053500761734
3.9664524275183477, 1.6784854603205746, -2.2362482317256798
-0.7450681051743291, 1.5431023585767385, 1.6222835692103463
2.3973446295972214, -1.5983195817262659, 1.6227513285529718
3.9678911278916242, 1.6797740096100058, -0.6651366081384036
-0.7445902129458041, -1.59718131817241, 1.6233272345233691
0.8259633211906723, 1.679499999216643, -0.665681162835707
2.3978171396613583, -1.5971827582464444, 1.6236019596051345
-2.3146937637599687, -1.4608686122706962, 0.9059246208849212
-0.7449624387068751, 1.5435197288506144, -3.0899739612904904
2.3963228790411923, 1.5425596016884904, 3.193431449016459
2.3974207199012274, 1.5412470757689143, 0.05105364101335203
2.39671161104092, -1.5975038798770553, -1.5186937131393172
-2.317417345520088, -1.4636105296819057, 2.4751852566814367
0.8257105491384252, 1.6784893993330363, 2.475225555740961
0.8256046614492828, 1.6792229809162853, -0.6654057090909029
0.8257006645616232, 1.6783091363886842, 0.9054255740154896
-0.7452948539542487, -1.5980432113395544, 1.6230983380608586
0.826612661781867, -1.4616335360915418, -0.6653096840255159
-2.3151466791851294, -1.4601497757603241, 2.477322871194056
-2.315708775690912, -1.4623580632354736, 2.475912757128964
-0.74682398173165, -1.6007026418718466, -1.5199306926328742
-0.7441747539725337, 1.5433717756088028, -3.089587575236576
2.3963834049135597, 1.5435498510216594, 0.051934726881436216
3.9666120158600826, -1.4627016097760348, 2.4761285788243352
0.825732241753217, 1.6794126876161193, -2.2362207968614167
0.8257609295504009, 1.6788162690749107, -0.6660036526271313
0.8263484862584206, -1.4623186116754872, -2.2362691882952768
-0.7444115412128005, 1.5441202206749718, 1.623340191474141
-0.745973744163487, 1.5417289865679487, 0.05127410085350122
-3.8866500188240938, -1.5982831344538528, -3.089432510956965
0.8248985563032231, 1.67677821432385, 0.9043468132900487
0.8252557342060755, -1.4627865505692907, 0.904916561104347
0.8267011565802035, 1.6791160649826715, 0.9051270875471613
0.8253740714762879, 1.678491735668468, 2.4755824967371742
2.396208302044322, 1.5425425211420463, 0.05127501077174875
-2.3161726250761148, 1.679525359295846, -0.6652287670815802
-2.315343505363338, -1.4614835798329242, -0.6656561578976036
-0.7455779664129063, -1.6001210670024284, -1.5198014672388787
-2.315463262308239, -1.4616407714500932, -0.6647958963861197
-0.7456873924183954, -1.5996282881224053, 0.05175431007881337
0.8258043218251636, -1.4628722709171855, -2.23677293934737
-0.7440358051458552, 1.544304257427108, -1.5182813734101699
-0.7451197831895668, -1.5975933342783513, 0.052326193384184955
-2.316571646208253, -1.462902328721545, 2.475626434206092
0.8260957525907113, 1.6802915256819166, -0.6650467290085356
2.3964727153132515, -1.599086984909974, -1.5197083575260306
0.8266301354317234, 1.6812983514167759, -0.6649503134053365
0.8256517730966916, 1.6788957067259465, -0.6657762744149824
2.3964451764845167, 1.5440520725429305, 3.19337408029649
-0.7446942647959934, -1.5966791780569365, 0.05279197159510912
-0.7449120750127642, -1.5987037548033982, 1.6225572907143837
3.9673605010515596, -1.4627202988293315, -0.6661291318272005
-0.7445185222473947, 1.5439060820579205, 0.052487579563491205
0.8256757484676394, 1.679565617906696, -2.2364755689680043
-2.3162504249760025, -1.4636062453002832, -0.6662278545270094
-2.3146541641489224, 1.6819512067832272, -0.6640139923658278
-2.316925211117485, 1.6788478880617823, 4.0467403728557985
0.8256823415024885, 1.6783980451024716, -2.2367467434829194
0.8263519789676159, -1.460972806544055, -2.235502965798328
0.8258815107746272, 1.6795895296768715, 0.9053420450303485
-0.7455522862211375, -1.5984252271617503, -1.5192903533020208
-0.7443539569096433, 1.543558125932929, 1.6225549983574865
-0.7453977975504913, 1.5423846135355752, 1.6220076765276323
-2.315079248613341, -1.462474817227817, 2.4756763697403295
0.8273043891914247, 1.6809359766722476, 0.906246107184199
-2.317645959592133, -1.4655460323119418, -2.2377975863670656
-0.7452261368322498, -1.5975210047119817, 0.05243223318196047
-0.7442763544896266, -1.598314919582794, 1.6221937368880943
0.8264347943816496, -1.4614870866249807, 0.9058952789221255
2.397563983923195, -1.596536385928087, -3.0886369697662133
-2.315528795600954, 1.6801787250138014, 0.9057429987899295
2.3977137503476222, -1.597308769598619, -3.089001927711933
-3.8874435581667606, 1.5420157075474636, 0.05223176013466421
-2.315531146471859, -1.4620491557576312, -3.806841620184492
-2.315438672388761, 1.6785856320608645, -0.6660869512189974
0.8254429637894318, -1.4625477850224353, -0.6655273926584199
-0.7439824469663746, 1.545250761847841, 1.624679646372319
-0.7449707202340985, -1.5975997778147817, 0.052324530831768905
0.8255145413914783, 1.6788549070693237, -2.237035271658933
-2.3159339436925626, 1.6784962812155504, 0.9046025169239831
-2.3157743123834877, 1.6793652185294592, 0.9057153508927381
-2.3152413907830054, -1.4611766953595295, 0.9058542465867502
-0.7453368419993973, -1.598011923842121, -1.5187156684360772
-3.8859968649605534, -1.5977332882105062, -1.5186654434749651
-0.7464306315566575, 1.5413904539276915, -1.5197333788765932
2.3966690626476064, 1.5433179861821462, 1.6227831658172678
-2.3155727454066466, -1.4616016061922612, 0.9059164958571755
-3.887534618897945, 1.543370679049655, 1.6231533424709688
-0.7461013519091052, -1.5996069851432457, 3.1932047701039474
-0.7451581795025622, -1.5987138226960187, 1.6226111679071065
2.396426512191606, 1.5442409990925996, -1.5181697557837714
3.966518468951365, 1.678699064189617, -2.2366366242320237
-2.3162819680645588, 1.6782616955047096, 0.9050222346046094
0.8254778130853732, -1.4616083392892012, 2.4766066149044326
0.8244544477670681, 1.6770613250318749, 2.4748839459148413
0.8251766731918295, 1.678306712710948, 0.9048914349718542
2.3959466282093804, -1.5992421954152274, -1.5194786727862588
-2.316818274755735, -1.4643375351753023, 2.4752811155242944
0.8247141332790001, -1.464041145364105, -0.6662897558981669
-0.7454924977323918, 1.544228816360215, 1.623335070912067
2.397028258776587, 1.543237441889735, -1.5190638803618934
0.8257436199018031, -1.462488925108049, -0.6656735324434332
-2.3152520874478326, 1.6802451678568395, 2.476464743403029
3.9669334437209574, -1.4634978276300044, -2.2368372752337966
-0.7448116239781128, 1.5429602717361144, 0.051722061820362424
-2.3153380311658234, -4.603588247122533, -2.235998606507537
0.8260767805059459, -1.4624573843368076, 0.9053038751623317
-2.3164504289427756, -1.463278922735407, 2.4754439562269686
3.9683957286415596, -1.461977276600758, -2.2362661762407146
-2.3146208563499577, -1.4608467013222861, -0.6647155679395447
3.9662409336675952, 1.6781791421264447, -0.6660760329494394
3.9673029216299818, 4.820234885816561, 0.905023061252855
2.3969836629537564, -1.5973496568763401, -1.518453860045618
3.9672170194645617, -1.4633914921091453, -0.6661854634090764
0.8257639005067092, 1.6778581451314354, 0.9043944020479421
-2.3167064311802523, -1.4638527562937005, 0.9049242081064387
-0.7466330353969473, -1.5996890094809504, 1.6220558149090591
-2.315849130172491, 1.6788466579136487, -2.2366594251696714
2.3963473934238846, -1.599145118688893, 0.05149418412361036
-3.8867482635405954, -1.5976404503086734, -1.5187493790489488
-2.3149168303380514, 1.6808183916622201, -0.6648617912559077
2.3958624664258292, 1.5424472460639838, 0.05157733787330867
-2.3160285959615257, 1.678494568637005, -2.236584080189598
2.3957482927404, -1.5999052497058845, -1.5195325409469478
-0.7443699790316219, -1.596949217858116, -3.0892007081520374
0.8270233073409954, 1.6796490675632927, -2.235926439670319
-2.3165225041982396, -1.461751571943204, -0.6653598512608668
-0.7460464127844053, 1.5428652450891809, -3.0892312270383697
-2.3160773853612677, 1.6788581315521658, 0.9051680408867879
-0.7456139766025788, -1.5991869280583473, 1.6224197408854093
0.8264929821142691, 1.6812448837831537, -0.6646081435945541
-3.885364517772378, -1.5964847926684975, 1.6237721401985044
-0.7451707995415489, -1.5984941973053843, -1.5189887750151914
-0.7440473223401659, -1.5984319854292244, 0.05167527266923503
2.39656722254647, 1.542969373558166, -1.5190482639079872
2.3971591766097706, -1.5977776703542081, 3.193563289432825
2.3964552003800885, 1.542443202517908, 0.05121648940777903
-0.7447494586708471, -1.5970415467273098, -3.0893840679898443
0.8256902045802516, -1.4623291302572015, 0.9054561707242595
2.396001696907093, -1.5986109250338019, -1.518888940388262
0.825824013430537, 1.6795150485052894, 4.047106220488783
0.8257266393022157, -1.4628961038291137, -2.2364510534696405
2.3950834341976757, -1.5995350834749642, -1.5194881570727699
-0.7456225450386311, -1.598671741052358, 0.05120713548445843
2.3968249081712614, -1.5985634470341603, 3.1933378768756806
-0.7449994694968884, 1.5426646500246288, 1.6225580139473934
-2.3166721410356486, 1.6779747625876595, -0.6661079883561101
0.8262508816642238, -1.461625868674763, -0.6651489047601622
-0.7457232518767848, 1.5427651715405595, 3.1934128346571646
2.396402516248395, -1.5984124884255662, 1.622264619375993
2.3960779530038527, 1.5426013528929223, 0.05134609285243265
0.8258926276741632, -1.4608049290303478, 0.9054727478834627
0.8258590230108318, -1.46176723490046, 0.9058004520440995
0.8246750129993838, -1.463109396807002, -3.807799579609885
-0.7455512936646245, 1.5431612342537713, -1.5189555444214349
-0.744655049640919, 1.544576421329189, 3.1942647593119577
-0.7460556394109971, -1.6001462877930857, 1.6215091109549915
0.8252543569144826, -1.4631568556753431, -2.2367230613760447
0.8253890408043275, -1.4623694782948145, 0.9051631865693254
-2.3170135784954833, -1.46340130714696, 0.9050231629196434
-0.7441698503557246, 1.5441474927887062, 3.1938451984039293
0.8265069682929297, 1.6801214198891536, -0.6657659521994588
2.3969722016132127, 1.5437825373345941, 3.1937255808866447
-0.7444142124898353, 1.5434944501457455, 1.6230500820765759
-2.3154491350479987, 1.680114696493731, 2.476684135976738
-0.7449352440573813, -1.5996091884213008, 1.6225138106477115
-0.7428484297387542, -1.5949061625402035, 0.05381622253529148
-0.7460228804009391, -1.6002192640903636, -1.5198579959908467
0.8256692954497844, 1.6795920348277495, -2.2360235521989225
0.8254528385710057, -1.4616702886371569, -0.6650184803192369
-2.3158331976349857, 1.6799217531947561, -2.236340421813355
-0.7455092979053063, 1.5431994846388724, 0.05174319086405226
2.3962841464167783, 1.5425803179372237, 1.6221453704370303
0.8266231934169148, 1.6801231393117317, -2.2359299170010436
2.3980806889285096, 1.544452718831218, -1.5186916873958007
2.3962935842905084, -1.5984920772470177, 0.0521134555247501
2.39528543462859, -1.5971613252156238, -1.517717257276559
2.397289800010412, 1.543629106420958, 1.6228056991910744
-2.317624012127435, 1.6790491733252828, -0.6651205675912891
-2.316059969209233, 1.6786738161124994, -2.2367158662554045
-0.7455957041655151, -1.5993160265283588, 0.05053460047286815
-2.315866502053494, -1.4627665316662448, 2.4760646937219546
-0.7455930478536822, 1.5421482972256861, 0.05098740600392962
0.8255704286885646, -1.4628982054010535, -2.2372572200453384
-2.3159559044640443, -1.4622585193359554, 2.4763985405458584
0.8255180632551105, 1.678995884786522, 2.475968198522899
-0.7438845612436357, -4.73856864214789, -4.659993941860172
2.3966443615179127, -1.5972992684031462, 1.6227368127272137
2.3972120490110433, -1.59746522567079, -1.518320045902443
0.8247013229753538, 1.6787707545711692, -2.236379224053201
-2.3169220552558514, -1.4637791970801277, 0.9047843444005378
-0.7453484580485736, 1.5431942162870198, 0.052640471938772145
2.397553181439859, 1.5439192948636495, -1.5179206676869628
-2.3151263208944943, -1.4612852939796328, -3.8066792153464837
-0.7448199630578093, 1.5432282881751294, 1.6227112490134883
-0.7451880107537209, -1.5984762163041835, 1.6228369884742344
0.8260242789434786, 1.678759705222338, 2.4758821202163612
-2.3160659672547, -1.4630942363803852, -0.665249881464606
0.8276905903367907, -1.4605054026206197, 0.9056561917785012
-2.31471037919264, 1.6794756433369664, -2.23679094057993
-2.315829237887834, -1.4626596090419557, -3.8069865318390876
2.3971028525761655, 1.5434864220791737, 0.05240751864479504
0.8250356091749552, 1.6785150662398054, -2.2363820725085803
-2.316997859660898, 1.6793199546900053, 2.4762964453415814
0.8256213928575268, 1.679546998174083, -2.2363022122554175
0.8249040530107172, 1.6792840700132976, 0.904845964906252
-0.7452864915321366, -1.6002991634451982, -1.519784746345118
-3.885629934675617, -1.5973206657362644, 3.194393675186514
-0.7450400876885279, -1.5994231786211925, 3.1926330692838767
2.3957067661519753, -1.5992337922674753, 3.1922177320828706
0.8257981136036281, 1.6793657071024175, -2.23626822920981
2.397197903840872, -1.5973836128482477, -1.5183946709141263
0.8260754263230919, 1.6796478433753614, -0.6653547345620641
2.395084268787093, -1.598628010087093, -1.5188222231109054
0.8259067629898393, 1.6785984016900357, 2.4750113421667925
-2.3168654707384695, -1.462856881070262, -2.237056253962635
-2.3154328477794874, -1.4611160886936325, -2.2358329642439485
-0.7433618074167705, -1.5974288431699266, 1.6229832508041309
-0.7453018483451541, 1.5419748673286842, -1.5198327624018828
2.3972799958900417, 1.5434355176203063, -3.0896172753057374
-2.315831190010866, 1.6789003393247566, 2.4758978375395917
-0.7459918266935672, -1.5986424891238007, -1.5190425698694967
-2.315356364234164, -1.461956915766578, -0.6651828828942434
3.9669254288764213, -1.463356209762876, -0.665988275879406
-0.7455526165532096, 1.54406024766654, 0.051956060970432184
-2.3155140606458464, -1.4625458076210283, -0.6649989744640735
0.8260846742957122, -1.4621231000999297, -0.665387434146499
-0.7445681466883493, -1.5982476854311318, -1.518471551868709
-0.7445224640538021, -1.598361473489745, -1.5192070525964179
-0.7449106715303748, 1.542630266141144, 3.193111032872617
2.3965680835378382, 1.5427772617789601, 1.622502112505015
-2.313917586953869, -1.4607447037671797, -0.6646918760793383
